<?xml version='1.0' encoding='UTF-8' ?><GENERIC_ROUGHDRAFT xmlns="http://xactware.com/generic_roughdraft.xsd" majorVersion="28" minorVersion="0" transactionId="007BG81"><HEADER dateCreated="2020-09-30T13:42:54"/><COVERSHEET><ESTIMATE_INFO estimateName="WARYANTI__KENNICOTT_" insuredName="WARYANTI, KENNICOTT &amp; WARYANTI, AIMAR" priceList="CALA8X_SEP20" laborEff="Restoration/Service/Remodel" claimNumber="003121965-8-W" policyNumber="CHO010100010" typeOfLoss="Other" recipientsXNAddress="ACSC.TEST.STAFF" rotationTrade="General" carrierId="1860800" estimateType="Structural"/><ADDRESSES><ADDRESS type="Property" street="6543 HEREFORD DR" city="LOS ANGELES" state="CA" zip="90022-5427" primary="1"/><ADDRESS type="Home" street="6543 HEREFORD DR" city="LOS ANGELES" state="CA" zip="90022-5427"/></ADDRESSES><PHONES><PHONE type="Home" primary="1" phone="846-248-3551"/><PHONE type="Business" phone="999-999-9999"/></PHONES><CONTACTS><CONTACT type="ClaimRep" name="Paola Torres" title="EP" company="AAA"><PHONES><PHONE primary="1" type="Business" phone="714-111-1111"/></PHONES></CONTACT><CONTACT type="Estimator" name="Paola Torres" title="EP" company="AAA"><PHONES><PHONE primary="1" type="Business" phone="714-111-1111"/></PHONES></CONTACT></CONTACTS><DATES loss="2020-09-01" inspected="2020-09-30" completed="2020-09-30T20:42:52Z" received="2020-09-29" entered="2020-09-30T20:41:44Z" contacted="2020-09-30"/></COVERSHEET><COVERAGES><COVERAGE coverageName="Dwelling" coverageType="0" id="1"><SUMMARY><TOTALS lineItemTotal="8340.6" subtotal="8931.82" rcv="8931.82" acv="8931.82" netClaim="8931.82"><SALES_TAXES><SALES_TAX desc="Material Sales Tax" amount="591.22" taxOP="OPonTax"/></SALES_TAXES><SIGNATURE estimator="Paola Torres" estimatorTitle="EP"/></TOTALS></SUMMARY></COVERAGE><COVERAGE coverageName="Extended Replacement Cost (HO280)" coverageType="0" id="4"/><COVERAGE coverageName="Other Structures" coverageType="0" id="20"/><COVERAGE coverageName="Add&apos;l Limits Other Structures (Endorsed)" coverageType="0" id="21"/><COVERAGE coverageName="Personal Property" coverageType="0" id="30"/><COVERAGE coverageName="Personal Property Off Premises" coverageType="0" id="60"/><COVERAGE coverageName="Loss of Use" coverageType="0" id="80"/></COVERAGES><RECAP_TAX_OP><TAXES><TAX_DETAIL taxNum="1" rate="9.5" desc="Material Sales Tax" amount="591.22"/><TAX_DETAIL taxNum="2" rate="9.5" desc="Storage Rental Tax"/></TAXES><LINE_ITEMS><TAXES><TAX_AMOUNT taxNum="1" amount="591.22"/></TAXES></LINE_ITEMS></RECAP_TAX_OP><LINE_ITEM_DETAIL total="8340.6"><GROUP desc="WARYANTI__KENNICOTT_" total="8340.6" acvTotal="8931.82" rcvTotal="8931.82" tax="591.22"><ITEMS total="8340.6"><ITEM type="I" lineNum="1" cat="CAB" sel="BARGB" act="&amp;" actPrefix="R&amp;R" desc="Bar with granite top - Commercial" calc="15" qty="15" unit="LF" coverageName="Dwelling" remove="9.12" replace="546.92" total="8340.6" acv="8340.6" recoverable="1" tax="591.22" acvTotal="8931.82" rcvTotal="8931.82" isPartOfInitSettle="1" laborTotal="2117.25" laborBase="768.45" laborBurden="454.35" laborMarkup="894.45" laborHours="26.71" material="6223.35" containsBSCDontApply="1"><ITEM_ACTS><ITEM_ACT act="-" labUnit="9.12" acvTotal="9.12" rcvTotal="9.12" trade="DMO"/><ITEM_ACT act="+" labUnit="132.03" matUnit="414.89" tax="39.41" acvTotal="586.33" rcvTotal="586.33" trade="CARP-FNC"/></ITEM_ACTS></ITEM></ITEMS><AREA_DIM_VARS sfWalls="938.67" sfCeiling="560" sfWallsCeiling="1498.67" sfFloor="560" syFloor="62.22" lfFloorPerim="117.33" lfCeilingPerim="117.33" sfSkFloor="560" sfSkTotalFloor="599.56" sfSkIntWall="938.67" sfSkExtWall="1080" lfSkExtWallPerim="120"/></GROUP><COV_BREAKDOWN total="8340.6" grandTotal="8931.82"><COV_AMOUNTS desc="Dwelling" total="8340.6" totalPct="100" grandTotal="8931.82" grandTotalPct="100"/><COV_AMOUNTS desc="Extended Replacement Cost (HO280)"/><COV_AMOUNTS desc="Other Structures"/><COV_AMOUNTS desc="Add&apos;l Limits Other Structures (Endorsed)"/><COV_AMOUNTS desc="Personal Property"/><COV_AMOUNTS desc="Personal Property Off Premises"/><COV_AMOUNTS desc="Loss of Use"/></COV_BREAKDOWN></LINE_ITEM_DETAIL><RECAP_BY_ROOM total="8340.6"><RECAP_GROUP desc="WARYANTI__KENNICOTT_" items="8340.6" itemsPercentage="100" subtotal="8340.6" subtotalPercentage="100"><ITEMS_COV_INFO><COV name="Dwelling" rate="100" amount="8340.6"/></ITEMS_COV_INFO><SUBTOTAL_COV_INFO><COV name="Dwelling" rate="100" amount="8340.6"/></SUBTOTAL_COV_INFO></RECAP_GROUP></RECAP_BY_ROOM><RECAP_BY_CATEGORY subtotalRCV="8931.82"><OP_ITEMS subtotalRCV="8340.6" subtotalPercentage="93.38"><CATEGORY desc="GENERAL DEMOLITION" rcv="136.8" percentage="1.53"/><CATEGORY desc="CABINETRY" rcv="8203.8" percentage="91.85"/></OP_ITEMS><SALES_TAXES><SALES_TAX desc="Material Sales Tax" percentage="6.62" rcv="591.22"/></SALES_TAXES></RECAP_BY_CATEGORY></GENERIC_ROUGHDRAFT>