<?xml version='1.0' encoding='UTF-8' ?>
  <XACTDOC>
    <XACTNET_INFO
      transactionId = "006VT1W"
    >
      <CONTROL_POINTS>
        <CONTROL_POINT
          stamp = "2020-05-19T12:09:38"
          type = "Custom document received"
          filename = "XNStreamFile.pdf"
        >
          <NOTES><![CDATA[photo sheet]]></NOTES>
        </CONTROL_POINT>
      </CONTROL_POINTS>
    </XACTNET_INFO>
    <ADM>
      <TYPESOFLOSS>
        <TYPEOFLOSS
          claimNumber = "003100324-8-W"
        />
      </TYPESOFLOSS>
    </ADM>
  </XACTDOC>