<?xml version='1.0' encoding='UTF-8' ?><GENERIC_ROUGHDRAFT xmlns="http://xactware.com/generic_roughdraft.xsd" majorVersion="28" minorVersion="0" transactionId="007B17X"><HEADER compName="TEST " dateCreated="2020-09-23T09:29:00"><COMP_INFO><![CDATA[Test\09]]></COMP_INFO></HEADER><COVERSHEET><ESTIMATE_INFO estimateName="DE_LA_TORRE__INES_&amp;_" insuredName="DE LA TORRE, INES &amp; DE LA TORRE, JORGE" priceList="ARFA8X_SEP20" laborEff="Restoration/Service/Remodel" claimNumber="003121500-8-W" policyNumber="P03083521" typeOfLoss="Tornado" deprMat="1" onsite="1" recipientsXNAddress="TEST.XNA.GL" rotationTrade="General" carrierId="1860800" estimateType="Structural"/><ADDRESSES><ADDRESS type="Property" street="406 HATFIELD LN" city="SPRINGDALE" state="AR" zip="72764" primary="1"/><ADDRESS type="Home" street="406 HATFIELD LN" city="SPRINGDALE" state="AR" zip="72764"/></ADDRESSES><PHONES><PHONE type="Home" primary="1" phone="479-387-7380"/></PHONES><CONTACTS><CONTACT type="ClaimRep" name="Gabe"/><CONTACT type="Estimator" name="Gabe"/></CONTACTS><DATES loss="2020-09-09" inspected="2020-09-23T05:00:00Z" completed="2020-09-23T14:28:59Z" received="2020-09-23" entered="2020-09-23T13:37:10Z" contacted="2020-09-23T05:00:00Z"/><OPENING_STATEMENT><![CDATA[TEST STATEMENT 003121500-8-W\0A]]></OPENING_STATEMENT></COVERSHEET><COVERAGES><COVERAGE deductible="2000" coverageName="Dwelling" coverageType="0" id="1"><SUMMARY><TOTALS lineItemTotal="5712" subtotal="5895.6" rcv="5895.6" recDepr="979.2" depr="979.2" acv="4916.4" deductible="2000" fullDeduct="2000" netClaim="2916.4" actualRecDepr="979.2" netClaimIfRec="3895.6"><SALES_TAXES><SALES_TAX desc="Material Sales Tax" amount="183.6" taxOP="OPonTax"/></SALES_TAXES><SIGNATURE estimator="Gabe"/></TOTALS></SUMMARY><LOSS_DATA acvInsCarried="100" rcvInsCarried="100"/></COVERAGE><COVERAGE coverageName="Other Structures" coverageType="0" id="20"><LOSS_DATA acvInsCarried="100" rcvInsCarried="100"/></COVERAGE><COVERAGE coverageName="Personal Property" coverageType="0" id="30"><LOSS_DATA acvInsCarried="100" rcvInsCarried="100"/></COVERAGE><COVERAGE coverageName="Loss of Use" coverageType="0" id="80"><LOSS_DATA acvInsCarried="100" rcvInsCarried="100"/></COVERAGE></COVERAGES><RECAP_TAX_OP><TAXES><TAX_DETAIL taxNum="1" rate="7.5" desc="Material Sales Tax" amount="183.6"/><TAX_DETAIL taxNum="2" rate="7.5" desc="Cleaning Matl Tax"/><TAX_DETAIL taxNum="3" rate="7.5" desc="Service Sales Tax"/><TAX_DETAIL taxNum="4" rate="6.5" desc="Manuf. Home Tax"/><TAX_DETAIL taxNum="5" rate="7.5" desc="Storage Rental Tax"/><TAX_DETAIL taxNum="6" rate="1.5" desc="State Food Tax"/><TAX_DETAIL taxNum="7" rate="1" desc="Local Food Tax"/></TAXES><LINE_ITEMS><TAXES><TAX_AMOUNT taxNum="1" amount="183.6"/></TAXES></LINE_ITEMS></RECAP_TAX_OP><LINE_ITEM_DETAIL homeownerTotal="1591.6" contractorTotal="3895.6" total="5712"><GROUP desc="DE_LA_TORRE__INES_&amp;_" total="5712" acvTotal="4916.4" rcvTotal="5895.6" tax="183.6"><GROUPS><GROUP desc="WEST" total="5712" acvTotal="4916.4" rcvTotal="5895.6" tax="183.6"><ROOM_INFO shape="Elevation" dimString="50&apos; x 9&apos; x 14&apos;"/><SUBROOMS><SUBROOM subroomNum="1" desc="East" shape="Elevation" dimString="50&apos; x 9&apos; x 14&apos;"/></SUBROOMS><ROOM_DIM_VARS sfWalls="1600" sfWallsCeiling="1600" lfFloorPerim="100" sfLongWall="1600" sfShortWall="1600" lfCeilingPerim="114.61"/><ITEMS total="5712"><ITEM type="I" lineNum="1" cat="SDG" sel="VINYL" act="&amp;" actPrefix="R&amp;R" desc="Siding - vinyl" calc="W" qty="1600" unit="SF" coverageName="Dwelling" remove="0.31" replace="3.26" total="5712" acv="4732.8" deprType="2" recoverable="1" age="20" lifeExp="50" depr="979.2" tax="183.6" acvTotal="4916.4" deprTotal="979.2" rcvTotal="5895.6" isPartOfInitSettle="1" laborTotal="3264" laborBase="960" laborBurden="512" laborMarkup="1792" laborHours="13.71" material="2448" containsBSCDontApply="1"><ITEM_ACTS><ITEM_ACT act="-" labUnit="0.31" acvTotal="0.31" rcvTotal="0.31" trade="DMO"/><ITEM_ACT act="+" labUnit="1.73" matUnit="1.53" tax="0.11" acvTotal="2.76" deprTotal="0.61" rcvTotal="3.37" trade="SDG"/></ITEM_ACTS></ITEM></ITEMS></GROUP></GROUPS><AREA_DIM_VARS sfWalls="1600" sfWallsCeiling="1600" lfFloorPerim="100" sfLongWall="1600" sfShortWall="1600" lfCeilingPerim="114.61"/></GROUP><COV_BREAKDOWN total="5712" grandTotal="4916.4"><COV_AMOUNTS desc="Dwelling" total="5712" totalPct="100" grandTotal="4916.4" grandTotalPct="100"/><COV_AMOUNTS desc="Other Structures"/><COV_AMOUNTS desc="Personal Property"/><COV_AMOUNTS desc="Loss of Use"/></COV_BREAKDOWN></LINE_ITEM_DETAIL><RECAP_BY_ROOM total="5712"><RECAP_GROUP desc="DE_LA_TORRE__INES_&amp;_" subtotal="5712" subtotalPercentage="100"><RECAP_GROUPS><RECAP_GROUP desc="WEST" items="5712" itemsPercentage="100"><ITEMS_COV_INFO><COV name="Dwelling" rate="100" amount="5712"/></ITEMS_COV_INFO></RECAP_GROUP></RECAP_GROUPS><SUBTOTAL_COV_INFO><COV name="Dwelling" rate="100" amount="5712"/></SUBTOTAL_COV_INFO></RECAP_GROUP></RECAP_BY_ROOM><RECAP_BY_CATEGORY subtotalRCV="5895.6" subtotalDeprec="979.2" subtotalACV="4916.4"><OP_ITEMS subtotalRCV="5712" subtotalDeprec="979.2" subtotalACV="4732.8"><CATEGORY desc="GENERAL DEMOLITION" rcv="496" acv="496"/><CATEGORY desc="SIDING" rcv="5216" deprec="979.2" acv="4236.8"/></OP_ITEMS><SALES_TAXES><SALES_TAX desc="Material Sales Tax" rcv="183.6" acv="183.6"/></SALES_TAXES></RECAP_BY_CATEGORY></GENERIC_ROUGHDRAFT>