<?xml version='1.0' encoding='UTF-8' ?>
  <XACTDOC>
    <XACTNET_INFO
      assignmentType = "1"
      transactionId = "007B17X"
      carrierId = "1860800"
      senderId = "1200000"
      recipientsXNAddress = "TEST.XNA.GL"
      recipientsXM8UserId = "LANCAST1"
      sendersXNAddress = "ACSC.HOME.WEB"
      carrierAttribute2 = "ClaimsPortalACSC"
      carrierOffice1 = "Arkansas"
      carrierOffice2 = "Arkansas"
      carrierOffice3 = "Washington"
      sendersOfficeDescription1 = "Arkansas"
      sendersOfficeDescription2 = "Arkansas"
      sendersOfficeDescription3 = "Washington"
      recipientsId = "E657025"
      rotationTrade = "General"
      jobSizeCode = "2"
      emergency = "0"
      transactionType = "EST,ASG"
      estimateCount = "1"
      carrierName = "ACE - Staff"
      mitigation = "0"
      profileCode = "76"
    >
      <CONTROL_POINTS
        testAssignment = "0"
      />
      <ATTACHMENTS>
        <ATT_FILE
          fileName = "GENERIC_ROUGHDRAFT.XML"
          fileDesc = "Rough Draft XML"
          fileDate = "2020-09-23T08:37:41"
          fileType = "XML"
        />
        <ATT_FILE
          fileName = "Report_Rough_Draft.PDF"
          fileDesc = "Report Rough Draft"
          fileDate = "2020-09-23T08:37:41"
          fileType = "PDF"
        />
        <ATT_FILE
          fileName = "FINAL_DRAFT_BY_COVERAGE_TYPE_Report.PDF"
          fileDesc = "FINAL DRAFT BY COVERAGE TYPE Report"
          fileDate = "2020-09-23T08:37:41"
          fileType = "PDF"
        />
        <ATT_FILE
          fileName = "ESTIMATE_AUDIT_REPORT.PDF"
          fileDesc = "ESTIMATE AUDIT REPORT"
          fileDate = "2020-09-23T08:37:41"
          fileType = "PDF"
        />
        <ATT_FILE
          fileName = "VARIATION_REPORT.PDF"
          fileDesc = "VARIATION REPORT"
          fileDate = "2020-09-23T08:37:41"
          fileType = "PDF"
        />
        <ATT_FILE
          fileName = "FINAL_DRAFT_WITH_AGE_LIFE_AND_CONDITION_Report.PDF"
          fileDesc = "FINAL DRAFT WITH AGE LIFE AND CONDITION Report"
          fileDate = "2020-09-23T08:37:41"
          fileType = "PDF"
        />
        <ATT_FILE
          fileName = "XACTDOC.XML"
          fileDesc = "Stndard Carrier Export XML"
          fileDate = "2020-09-23T08:37:41"
          fileType = "XML"
        />
      </ATTACHMENTS>
      <SUMMARY
        homeOwnerItems = "0.00"
        contractorItems = "5895.60"
        estimateLineItemTotal = "5712.00"
        minimumChargeAdjustments = "0.00"
        overhead = "0.00"
        profit = "0.00"
        salesTax = "183.60"
        grossEstimate = "5895.60"
        recoverableDepreciation = "979.20"
        nonRecoverableDepreciation = "0.00"
        netEstimate = "2916.40"
        priceListLineItemTotal = "5712.00"
        deductible = "2000.00"
      />
    </XACTNET_INFO>
    <CONTACTS>
      <CONTACT
        type = "Client"
        name = "DE LA TORRE, INES &#38; DE LA TORRE, JORGE"
        qcode = ""
        mortgageHolder = "Bokf, N. A. Dba Bank of Arkansas"
        birthDate = ""
        reference = ""
        language = ""
        title = ""
      >
        <ADDRESSES>
          <ADDRESS
            type = "Home"
            street = "406 HATFIELD LN"
            city = "SPRINGDALE"
            state = "AR"
            postal = "72764"
            country = "US"
          />
          <ADDRESS
            type = "Property"
            street = "406 HATFIELD LN"
            city = "SPRINGDALE"
            state = "AR"
            postal = "72764"
            country = "US"
            lat = "36.1616"
            lon = "-94.1289"
          />
        </ADDRESSES>
        <CONTACTMETHODS>
          <PHONE
            type = "Home"
            number = "479-387-7380"
          />
          <EMAIL
            address = ""
          />
        </CONTACTMETHODS>
      </CONTACT>
      <CONTACT
        type = "Estimator"
        name = "Gabe"
        qcode = "GABE"
        birthDate = ""
        reference = ""
        language = ""
        position = ""
        title = ""
      >
        <ADDRESSES/>
        <CONTACTMETHODS>
          <EMAIL
            address = ""
          />
        </CONTACTMETHODS>
      </CONTACT>
      <CONTACT
        type = "ClaimRep"
        name = "Gabe"
        qcode = "GABE"
        birthDate = ""
        reference = ""
        language = ""
        title = ""
      >
        <ADDRESSES/>
        <CONTACTMETHODS>
          <EMAIL
            address = ""
          />
        </CONTACTMETHODS>
      </CONTACT>
      <CONTACT
        type = "Claimant"
        name = ""
        qcode = ""
        birthDate = ""
        reference = ""
        language = ""
        title = ""
      >
        <ADDRESSES/>
        <CONTACTMETHODS>
          <EMAIL
            address = ""
          />
        </CONTACTMETHODS>
      </CONTACT>
    </CONTACTS>
    <PROJECT_INFO
      assignmentCode = "003121500-8-"
      name = "DE_LA_TORRE__INES_&#38;_"
      version = "16"
      profile = "76"
      xactnetAddress = "ACSC.HOME.WEB"
      created = "2020-09-23T13:37:10Z"
      userId = "LANCAST1"
      status = "Completed"
      showIADeskAdjuster = "1"
      showDeskAdjuster = "1"
    >
      <NOTES><![CDATA[From: ACE - Staff

ASSIGNMENT PROFILE:
Type: Normal
Claim Rep: 
Date of Loss: 09/09/2020
Claim Number: 003121500-8-W
Insured Name: DE LA TORRE, INES & DE LA TORRE, JORGE
Day Phone: (000) 000-0000
Evening Phone: (479) 387-7380

Type of Loss: Tornado
Job Type: General
Location of Property: 406 HATFIELD LN, SPRINGDALE, AR 72764

Instructions:

Years of Membership: 007

CO0490 Co0490-Personal Property Replacement Cost
CO0103 Co0103-Special Provisions - Ar
Risk Deductible: 1000
Policy Type: HOB
Square Footage: 1498
Year of Construction: 2000

Roof Year 2019
Roof Type Composition Shingles
123


Assignment Received by XactAnalysis:  09/23/2020 06:58AM MT
(XactAnalysis ID: 007B17X)
]]></NOTES>
    </PROJECT_INFO>
    <ADM
      dateOfLoss = "2020-09-09T00:00:01"
      dateInspected = "2020-09-22T23:00:00"
      dateReceived = "2020-09-23T00:00:01"
      dateEntered = "2020-09-23T13:37:10Z"
      dateProjCompleted = "2020-09-23T14:28:59Z"
      dateContacted = "2020-09-22T23:00:00"
      agentCode = ""
      fileNumber = "003121500-8-W"
      onsite = "1"
      denial = "Covered Loss"
    >
      <COVERAGE_LOSS
        claimNumber = "003121500-8-W"
        policyNumber = "P03083521"
        catastrophe = ""
        policyStart = "2020-02-21"
        policyEnd = "2021-02-21"
        dateInitCov = "2014-02-21"
        dedApplyAcrossAllUI = "1"
      >
        <TOL
          code = "TORNADO"
          desc = "Tornado"
        />
        <COVERAGES
          lossOfUseReserve = "0"
          lossOfUse = "0"
          doNotApplyLimits = "0"
        >
          <COVERAGE
            covName = "Dwelling"
            id = "COV1"
            covType = "0"
            policyLimit = "164000"
            deductible = "2000"
            applyTo = "0"
            coins = "0"
            reserveAmt = "0"
          >
            <LOSS_DATA
              deductApplied = "0"
              overLimits = "0"
            />
          </COVERAGE>
          <COVERAGE
            covName = "Other Structures"
            id = "COV20"
            covType = "0"
            policyLimit = "16400"
            deductible = "0"
            applyTo = "0"
            coins = "0"
            reserveAmt = "0"
            sharedDeductibleRefID = "1"
          >
            <LOSS_DATA
              deductApplied = "0"
              overLimits = "0"
            />
          </COVERAGE>
          <COVERAGE
            covName = "Personal Property"
            id = "COV30"
            covType = "0"
            policyLimit = "98400"
            deductible = "0"
            applyTo = "0"
            coins = "0"
            reserveAmt = "0"
            sharedDeductibleRefID = "1"
          >
            <LOSS_DATA
              deductApplied = "0"
              overLimits = "0"
            />
          </COVERAGE>
          <COVERAGE
            covName = "Loss of Use"
            id = "COV80"
            covType = "0"
            policyLimit = "49200"
            deductible = "0"
            applyTo = "0"
            coins = "0"
            reserveAmt = "0"
            sharedDeductibleRefID = "1"
          >
            <LOSS_DATA
              deductApplied = "0"
              overLimits = "0"
            />
          </COVERAGE>
        </COVERAGES>
      </COVERAGE_LOSS>
    </ADM>
    <CLAIM_INFO>
      <ADMIN_INFO
        branch = ""
      />
    </CLAIM_INFO>
    <PARAMS
      priceList = "ARFA8X_SEP20"
      taxJurisdiction = "7.5%"
      checkpointPL = "ARFA8X_SEP20"
      overhead = "0"
      profit = "0"
      cumulativeOP = "0"
      plModifiedDateTime = "2020-09-01T01:00:00"
      defaultRepairedBy = "Contractor"
      depMat = "1"
      maxDepr = "75"
    />
    <EMBEDDED_PL>
      <MINIMUMS>
        <MINIMUM
          id = "MIN1"
          desc = "Siding labor minimum"
          amount = "214.42"
          cat = "SDG"
          sel = "MN-A"
        />
      </MINIMUMS>
    </EMBEDDED_PL>
  </XACTDOC>