<?xml version='1.0' encoding='UTF-8' ?>
  <XACTDOC>
    <XACTNET_INFO
      assignmentType = "1"
      transactionId = "007B17V"
      carrierId = "1860800"
      senderId = "1200000"
      recipientsXNAddress = "TEST.XNA.GL"
      recipientsXM8UserId = "LANCAST1"
      sendersXNAddress = "ACSC.HOME.WEB"
      carrierAttribute2 = "ClaimsPortalACSC"
      carrierOffice1 = "Missouri"
      carrierOffice2 = "Missouri"
      carrierOffice3 = "St. Louis"
      sendersOfficeDescription1 = "Missouri"
      sendersOfficeDescription2 = "Missouri"
      sendersOfficeDescription3 = "St. Louis"
      recipientsId = "E657025"
      rotationTrade = "General"
      jobSizeCode = "2"
      emergency = "0"
      transactionType = "EST,ASG"
      estimateCount = "1"
      carrierName = "ACE - Staff"
      mitigation = "0"
      profileCode = "76"
    >
      <CONTROL_POINTS
        testAssignment = "0"
      />
      <ATTACHMENTS>
        <ATT_FILE
          fileName = "GENERIC_ROUGHDRAFT.XML"
          fileDesc = "Rough Draft XML"
          fileDate = "2020-09-23T08:37:54"
          fileType = "XML"
        />
        <ATT_FILE
          fileName = "FINAL_DRAFT_BY_COVERAGE_TYPE_Report.PDF"
          fileDesc = "FINAL DRAFT BY COVERAGE TYPE Report"
          fileDate = "2020-09-23T08:37:54"
          fileType = "PDF"
        />
        <ATT_FILE
          fileName = "ESTIMATE_AUDIT_REPORT.PDF"
          fileDesc = "ESTIMATE AUDIT REPORT"
          fileDate = "2020-09-23T08:37:54"
          fileType = "PDF"
        />
        <ATT_FILE
          fileName = "FINAL_DRAFT_WITH_AGE_LIFE_AND_CONDITION_Report.PDF"
          fileDesc = "FINAL DRAFT WITH AGE LIFE AND CONDITION Report"
          fileDate = "2020-09-23T08:37:54"
          fileType = "PDF"
        />
        <ATT_FILE
          fileName = "Report_Rough_Draft.PDF"
          fileDesc = "Report Rough Draft"
          fileDate = "2020-09-23T08:37:54"
          fileType = "PDF"
        />
        <ATT_FILE
          fileName = "VARIATION_REPORT.PDF"
          fileDesc = "VARIATION REPORT"
          fileDate = "2020-09-23T08:37:54"
          fileType = "PDF"
        />
        <ATT_FILE
          fileName = "XACTDOC.XML"
          fileDesc = "Stndard Carrier Export XML"
          fileDate = "2020-09-23T08:37:54"
          fileType = "XML"
        />
      </ATTACHMENTS>
      <SUMMARY
        homeOwnerItems = "0.00"
        contractorItems = "10000.00"
        estimateLineItemTotal = "10000.00"
        minimumChargeAdjustments = "0.00"
        overhead = "0.00"
        profit = "0.00"
        salesTax = "0.00"
        grossEstimate = "10000.00"
        recoverableDepreciation = "0.00"
        nonRecoverableDepreciation = "0.00"
        netEstimate = "10000.00"
        priceListLineItemTotal = "0.00"
        deductible = "0.00"
      />
    </XACTNET_INFO>
    <CONTACTS>
      <CONTACT
        type = "Client"
        name = "ESPADRON, SAIFUEDDIN"
        qcode = ""
        mortgageHolder = "ROUNDPOINT MORTGAGE SERVICING CORPORATIO"
        birthDate = ""
        reference = ""
        language = ""
        title = ""
      >
        <ADDRESSES>
          <ADDRESS
            type = "Home"
            street = "843 PORTSDOWN RD"
            city = "BALLWIN"
            state = "MO"
            postal = "63011-3042"
            country = "US"
          />
          <ADDRESS
            type = "Property"
            street = "843 PORTSDOWN RD"
            city = "BALLWIN"
            state = "MO"
            postal = "63011-3042"
            country = "US"
            lat = "38.5973"
            lon = "-90.566"
          />
        </ADDRESSES>
        <CONTACTMETHODS>
          <PHONE
            type = "Home"
            number = "429-551-3703"
          />
          <EMAIL
            address = "torres.paola@aaa-calif.com"
          />
        </CONTACTMETHODS>
      </CONTACT>
      <CONTACT
        type = "Estimator"
        name = "Gabe"
        qcode = "GABE"
        birthDate = ""
        reference = ""
        language = ""
        position = ""
        title = ""
      >
        <ADDRESSES/>
        <CONTACTMETHODS>
          <EMAIL
            address = ""
          />
        </CONTACTMETHODS>
      </CONTACT>
      <CONTACT
        type = "ClaimRep"
        name = "Gabe"
        qcode = "GABE"
        birthDate = ""
        reference = ""
        language = ""
        title = ""
      >
        <ADDRESSES/>
        <CONTACTMETHODS>
          <EMAIL
            address = ""
          />
        </CONTACTMETHODS>
      </CONTACT>
      <CONTACT
        type = "Claimant"
        name = ""
        qcode = ""
        birthDate = ""
        reference = ""
        language = ""
        title = ""
      >
        <ADDRESSES/>
        <CONTACTMETHODS>
          <EMAIL
            address = ""
          />
        </CONTACTMETHODS>
      </CONTACT>
    </CONTACTS>
    <PROJECT_INFO
      assignmentCode = "003121499-8-"
      name = "ESPADRON__SAIFUEDDI1"
      version = "16"
      profile = "76"
      xactnetAddress = "ACSC.HOME.WEB"
      created = "2020-09-23T13:37:09Z"
      userId = "LANCAST1"
      status = "Completed"
      showIADeskAdjuster = "1"
      showDeskAdjuster = "1"
    >
      <NOTES><![CDATA[From: ACE - Staff

ASSIGNMENT PROFILE:
Type: Normal
Claim Rep: 
Date of Loss: 01/05/2020
Claim Number: 003121499-8-W
Insured Name: ESPADRON, SAIFUEDDIN
Day Phone: (000) 000-0000
Evening Phone: (429) 551-3703

Type of Loss: Freeze
Job Type: General
Location of Property: 843 PORTSDOWN RD, BALLWIN, MO 63011-3042

Instructions:

Years of Membership: 008

CO0435 Loss Assessment Coverage
CO0435 Loss Assessment Coverage
CO0021 Policy Number Change Endorsement
CO0416 Premises Alarm Or Fire Protection System
CO0490 Personal Property Replacement Cost
CO0454 Earthquake
CO0124 Special Provisions
Risk Deductible: 500
Earthquake Deductible: 12000
Policy Type: CON
Square Footage: 1080
Year of Construction: 1984

Roof Year 1984
Roof Type Composition
123


Assignment Received by XactAnalysis:  09/23/2020 06:53AM MT
(XactAnalysis ID: 007B17V)
]]></NOTES>
    </PROJECT_INFO>
    <ADM
      dateOfLoss = "2020-01-05T00:00:01"
      dateReceived = "2020-09-23T00:00:01"
      dateEntered = "2020-09-23T13:37:09Z"
      dateProjCompleted = "2020-09-23T14:36:18Z"
      dateContacted = "2020-09-23T00:00:00"
      agentCode = ""
      fileNumber = "003121499-8-W"
      denial = "Covered Loss"
    >
      <COVERAGE_LOSS
        claimNumber = "003121499-8-W"
        policyNumber = "MOH151032016"
        catastrophe = ""
        policyStart = "2019-05-01"
        policyEnd = "2020-05-01"
        dateInitCov = "2017-05-01"
      >
        <TOL
          code = "FREEZE"
          desc = "Freeze"
        />
        <COVERAGES
          lossOfUseReserve = "0"
          lossOfUse = "0"
          doNotApplyLimits = "0"
        >
          <COVERAGE
            covName = "Building Property"
            id = "COV16"
            covType = "0"
            policyLimit = "60000"
            deductible = "0"
            applyTo = "0"
            coins = "0"
            reserveAmt = "0"
          >
            <LOSS_DATA
              deductApplied = "0"
              overLimits = "0"
            />
          </COVERAGE>
          <COVERAGE
            covName = "Personal Property"
            id = "COV30"
            covType = "0"
            policyLimit = "42000"
            deductible = "0"
            applyTo = "0"
            coins = "0"
            reserveAmt = "0"
          >
            <LOSS_DATA
              deductApplied = "0"
              overLimits = "0"
            />
          </COVERAGE>
          <COVERAGE
            covName = "Personal Property Off Premises"
            id = "COV60"
            covType = "0"
            policyLimit = "4200"
            deductible = "0"
            applyTo = "0"
            coins = "0"
            reserveAmt = "0"
          >
            <LOSS_DATA
              deductApplied = "0"
              overLimits = "0"
            />
          </COVERAGE>
          <COVERAGE
            covName = "Loss of Use"
            id = "COV80"
            covType = "0"
            policyLimit = "12600"
            deductible = "0"
            applyTo = "0"
            coins = "0"
            reserveAmt = "0"
          >
            <LOSS_DATA
              deductApplied = "0"
              overLimits = "0"
            />
          </COVERAGE>
          <COVERAGE
            covName = "Loss Assessment (Endorsed)"
            id = "COV110"
            covType = "0"
            policyLimit = "10000"
            deductible = "0"
            applyTo = "0"
            coins = "0"
            reserveAmt = "0"
          >
            <LOSS_DATA
              deductApplied = "0"
              overLimits = "0"
            />
          </COVERAGE>
        </COVERAGES>
      </COVERAGE_LOSS>
    </ADM>
    <CLAIM_INFO>
      <ADMIN_INFO
        branch = ""
      />
    </CLAIM_INFO>
    <PARAMS
      priceList = "MOSL8X_SEP20"
      taxJurisdiction = "8.738%"
      checkpointPL = "MOSL8X_SEP20"
      overhead = "0"
      profit = "0"
      cumulativeOP = "0"
      plModifiedDateTime = "2020-09-01T01:00:00"
      defaultRepairedBy = "Contractor"
      depMat = "1"
      maxDepr = "75"
    />
  </XACTDOC>