<?xml version='1.0' encoding='UTF-8' ?>
  <XACTDOC>
    <XACTNET_INFO
      transactionId = "03KWLMG"
    >
      <CONTROL_POINTS>
        <CONTROL_POINT
          stamp = "2013-03-01T08:34:53"
          type = "Custom document received"
          filename = "cannon.pdf"
        >
          <NOTES><![CDATA[cannon.pdf]]></NOTES>
        </CONTROL_POINT>
      </CONTROL_POINTS>
    </XACTNET_INFO>
    <ADM>
      <TYPESOFLOSS>
        <TYPEOFLOSS
          claimNumber = "HP-130226-1043AM"
        />
      </TYPESOFLOSS>
    </ADM>
  </XACTDOC>