<?xml version='1.0' encoding='UTF-8' ?><GENERIC_ROUGHDRAFT xmlns="http://xactware.com/generic_roughdraft.xsd" majorVersion="28" minorVersion="300" transactionId="03KWLMG"><HEADER dateCreated="2019-02-01T18:13:15"/><COVERSHEET><ESTIMATE_INFO estimateName="JANE_SMITH" insuredName="Jane Smith" priceList="UTOR8X_FEB19" laborEff="Restoration/Service/Remodel" claimNumber="GSD-1152018-11" policyNumber="DJT-123456-987" typeOfLoss="Fire" causeOfLoss="Candle" deprMat="1" deprNonMat="1" deprTaxes="1" recipientsXNAddress="XACTWARE.PSTEAM" rotationTrade="General" carrierId="2210000" estimateType="Mixed"/><ADDRESSES><ADDRESS type="Property" street="456 NE. Main Street" city="Lehi" state="UT" zip="84043" primary="1"/><ADDRESS type="Home" street="123 Eastern Way" city="Lehi" state="UT" zip="84043"/></ADDRESSES><PHONES><PHONE type="Home" primary="1" phone="8005555550" ext="1234"/><PHONE type="Business" phone="8005555551" ext="5678"/><PHONE type="Cell" phone="8005555552"/><PHONE type="Pager" phone="8005555553"/></PHONES><CONTACTS><CONTACT type="ClaimRep" name="BRIAN"/><CONTACT type="Estimator" name="Davey Jones" title="Adjuster" company="Xactware"><ADDRESSES><ADDRESS type="Business" street="123 Drive" city="Lehi" state="UT" zip="84043" primary="1"/></ADDRESSES><PHONES><PHONE primary="1" type="Business" phone="555-555-1234"/></PHONES></CONTACT><CONTACT type="Reference" name="Billy" title="Business Owner" company="Billy Smith"><ADDRESSES><ADDRESS type="Business" street="1 Way Street" city="Provo" state="UT" zip="84604" primary="1"/></ADDRESSES><PHONES><PHONE primary="1" type="Business" phone="555-555-9876"/></PHONES></CONTACT><CONTACT type="Contractor" name="Kyle" title="Contractor" company="Kyle Doe Jr."><ADDRESSES><ADDRESS type="Business" street="Eastern Way " city="Lehi" state="UT" zip="84043" primary="1"/></ADDRESSES><PHONES><PHONE primary="1" type="Business" phone="555-555-2468"/></PHONES></CONTACT></CONTACTS><DATES loss="2018-11-04T10:15:00" inspected="2019-01-31T21:00:00Z" completed="2019-02-01T18:13:14Z" received="2018-11-05T10:42:00" entered="2019-02-01T17:34:08Z" contacted="2019-01-28T17:00:00Z"/></COVERSHEET><COVERAGES><COVERAGE deductible="500" coverageName="Structure" coverageType="0" id="1"><SUMMARY><TOTALS lineItemTotal="5857.29" subtotal="6017.62" rcv="6017.62" acv="6017.62" deductible="500" fullDeduct="500" netClaim="5517.62"><SALES_TAXES><SALES_TAX desc="Material Sales Tax" amount="160.33" taxOP="OPonTax"/></SALES_TAXES><SIGNATURE estimator="Davey Jones" estimatorTitle="Adjuster"/></TOTALS></SUMMARY><LOSS_DATA insCarried="100" total="100" acvInsCarried="100" rcvInsCarried="100" rcl="6017.62" deductApplied="500" acvLoss="6017.62" acvClaim="5517.62" rcvClaim="5517.62" adjLossAmt="5517.62"/></COVERAGE><COVERAGE deductible="100" coverageName="Contents" coverageType="2" id="2"><SUMMARY><TOTALS lineItemTotal="67.21" subtotal="67.21" rcv="69.72" acv="69.72" deductible="69.72" fullDeduct="100"><SALES_TAXES><SALES_TAX desc="Contents Cln Svc Tax" amount="2.51" taxOP="TaxonOP"/></SALES_TAXES><SIGNATURE estimator="Davey Jones" estimatorTitle="Adjuster"/></TOTALS></SUMMARY><LOSS_DATA insCarried="100" total="100" acvInsCarried="100" rcvInsCarried="100" rcl="69.72" deductApplied="69.72" acvLoss="69.72"/></COVERAGE></COVERAGES><RECAP_TAX_OP><TAXES><TAX_DETAIL taxNum="1" rate="6.75" desc="Material Sales Tax" amount="160.33"/><TAX_DETAIL taxNum="2" rate="6.75" desc="Manuf. Home Tax"/><TAX_DETAIL taxNum="3" rate="6.75" desc="Storage Rental Tax"/><TAX_DETAIL taxNum="4" rate="6.75" desc="Contents Cln Svc Tax" amount="2.51"/><TAX_DETAIL taxNum="5" rate="3" desc="Food Tax"/></TAXES><LINE_ITEMS><TAXES><TAX_AMOUNT taxNum="1" amount="160.33"/><TAX_AMOUNT taxNum="4" amount="2.51"/></TAXES></LINE_ITEMS></RECAP_TAX_OP><LINE_ITEM_DETAIL homeownerTotal="3355.12" contractorTotal="5517.62" total="5924.5"><GROUP desc="JANE_SMITH" total="5924.5" acvTotal="6087.34" rcvTotal="6087.34" tax="162.84"><GROUPS><GROUP desc="Main Level" total="5770.81" acvTotal="5933.65" rcvTotal="5933.65" tax="162.84"><GROUPS><GROUP desc="Family Room" total="3659.58" acvTotal="3780.25" rcvTotal="3780.25" tax="120.67"><ROOM_INFO sketchCeiling="8&apos;"/><MISS_WALLS><MISS_WALL qty="1" dimString="5&apos;8&quot; X 8&apos;0&quot;" opensInto="FOYER_ENTRY" type="Goes to Floor/Ceiling"/><MISS_WALL qty="1" dimString="7&apos;3&quot; X 6&apos;8&quot;" opensInto="KITCHEN" type="Goes to Floor"/></MISS_WALLS><ROOM_DIM_VARS sfWalls="435.67" sfCeiling="272.94" sfWallsCeiling="708.61" sfFloor="272.94" syFloor="30.33" lfFloorPerim="53.25" lfCeilingPerim="60.5"/><ITEMS total="3659.58"><ITEM type="I" lineNum="1" cat="FCC" sel="PAD-" act="&amp;" actPrefix="R&amp;R" desc="Carpet pad - Standard grade" calc="F" qty="272.94" unit="SF" coverageName="Structure" remove="0.09" replace="0.4" total="133.74" acv="133.74" recoverable="1" tax="6.08" acvTotal="139.82" rcvTotal="139.82" isPartOfInitSettle="1" laborTotal="43.67" laborBase="19.1" laborBurden="8.19" laborMarkup="16.38" laborHours="1.03" material="90.07" containsBSCDontApply="1"><ITEM_ACTS><ITEM_ACT act="-" labUnit="0.09" acvTotal="0.09" rcvTotal="0.09" trade="DMO"/><ITEM_ACT act="+" labUnit="0.07" matUnit="0.33" tax="0.02" acvTotal="0.42" rcvTotal="0.42" trade="FLR"/></ITEM_ACTS></ITEM><ITEM type="I" lineNum="2" cat="FCC" sel="AV+" act="-" actPrefix="Remove" desc="Carpet - High grade" calc="FLR_RMV" qty="272.94" unit="SF" coverageName="Structure" remove="0.22" total="60.05" acv="60.05" recoverable="1" acvTotal="60.05" rcvTotal="60.05" isPartOfInitSettle="1" laborTotal="60.05" laborBase="24.56" laborBurden="13.65" laborMarkup="21.84" laborHours="1.48" containsBSCDontApply="1"><ITEM_ACTS><ITEM_ACT act="-" labUnit="0.22" trade="DMO"/></ITEM_ACTS></ITEM><ITEM type="I" lineNum="3" cat="FCC" sel="AV+" act="+" desc="Carpet - High grade" calc="FLR_RPL" qty="316" unit="SF" coverageName="Structure" replace="4.6" total="1453.6" acv="1453.6" recoverable="1" tax="86.81" acvTotal="1540.41" rcvTotal="1540.41" isPartOfInitSettle="1" laborTotal="145.36" laborBase="56.88" laborBurden="25.28" laborMarkup="63.2" laborHours="3.06" material="1286.12" equipment="22.12" containsBSCDontApply="1"><ITEM_ACTS><ITEM_ACT act="+" labUnit="0.46" matUnit="4.07" equUnit="0.07" trade="FLR"/></ITEM_ACTS></ITEM><ITEM type="I" lineNum="4" cat="DRY" sel="1/2++" act="&amp;" actPrefix="R&amp;R" desc="1/2&quot; drywall - hung, taped, with smooth wall finish" calc="WC" qty="708.61" unit="SF" coverageName="Structure" remove="0.32" replace="2.35" total="1891.99" acv="1891.99" recoverable="1" tax="24.87" acvTotal="1916.86" rcvTotal="1916.86" isPartOfInitSettle="1" laborTotal="1523.51" laborBase="517.28" laborBurden="248.01" laborMarkup="758.22" laborHours="25.85" material="368.48" containsBSCDontApply="1"><ITEM_ACTS><ITEM_ACT act="-" labUnit="0.32" acvTotal="0.32" rcvTotal="0.32" trade="DMO"/><ITEM_ACT act="+" labUnit="1.83" matUnit="0.52" tax="0.04" acvTotal="2.39" rcvTotal="2.39" trade="DRY"/></ITEM_ACTS></ITEM><ITEM type="I" lineNum="5" cat="CHF" sel="TABS&gt;+" act="+" desc="Clean table - sofa - large/ornate - Heavy clean" calc="CHFTABS_0.EA" qty="1" unit="EA" coverageName="Contents" replace="37.13" total="37.13" acv="37.13" recoverable="1" tax="2.51" acvTotal="39.64" rcvTotal="39.64" isPartOfInitSettle="1" laborTotal="34.58" laborBase="12.39" laborBurden="6.88" laborMarkup="15.31" laborHours="1.01" material="2.55" containsBSCDontApply="1"><ITEM_ACTS><ITEM_ACT act="+" labUnit="34.58" matUnit="2.55" trade="CLN"/></ITEM_ACTS></ITEM><ITEM type="I" lineNum="6" cat="PNT" sel="TRIM" act="+" desc="Seal &amp; paint trim - two coats" calc="PF" qty="53.25" unit="LF" coverageName="Structure" replace="1.16" total="61.77" acv="61.77" recoverable="1" tax="0.36" acvTotal="62.13" rcvTotal="62.13" isPartOfInitSettle="1" laborTotal="56.45" laborBase="18.11" laborBurden="9.05" laborMarkup="29.29" laborHours="0.93" material="5.32" containsBSCDontApply="1"><ITEM_ACTS><ITEM_ACT act="+" labUnit="1.06" matUnit="0.1" trade="PNT"/></ITEM_ACTS></ITEM><ITEM type="I" lineNum="7" cat="CLN" sel="TRIM+" act="+" desc="Clean trim - wood - Heavy" calc="PF" qty="53.25" unit="LF" coverageName="Structure" replace="0.4" total="21.3" acv="21.3" recoverable="1" tax="0.04" acvTotal="21.34" rcvTotal="21.34" isPartOfInitSettle="1" laborTotal="20.77" laborBase="7.46" laborBurden="4.26" laborMarkup="9.05" laborHours="0.59" material="0.53" containsBSCDontApply="1"><ITEM_ACTS><ITEM_ACT act="+" labUnit="0.39" matUnit="0.01" trade="CLN"/></ITEM_ACTS></ITEM></ITEMS></GROUP><GROUP desc="Kitchen" total="2111.23" acvTotal="2153.4" rcvTotal="2153.4" tax="42.17"><ROOM_INFO sketchCeiling="8&apos;"/><MISS_WALLS><MISS_WALL qty="1" dimString="7&apos;3&quot; X 6&apos;8&quot;" opensInto="FAMILY_ROOM" type="Goes to Floor"/></MISS_WALLS><ROOM_DIM_VARS sfWalls="329" sfCeiling="130.29" sfWallsCeiling="459.29" sfFloor="130.29" syFloor="14.48" lfFloorPerim="39.92" lfCeilingPerim="47.17"/><ITEMS total="2111.23"><ITEM type="I" lineNum="8" cat="FCT" sel="AV" act="&amp;" actPrefix="R&amp;R" desc="Tile floor covering" calc="F" qty="130.29" unit="SF" coverageName="Structure" remove="1.92" replace="9.63" total="1504.85" acv="1504.85" recoverable="1" tax="35.27" acvTotal="1540.12" rcvTotal="1540.12" isPartOfInitSettle="1" laborTotal="956.33" laborBase="276.22" laborBurden="132.9" laborMarkup="547.21" laborHours="14.8" material="522.46" equipment="26.06" containsBSCDontApply="1"><ITEM_ACTS><ITEM_ACT act="-" labUnit="1.92" acvTotal="1.92" rcvTotal="1.92" trade="DMO"/><ITEM_ACT act="+" labUnit="5.42" matUnit="4.01" equUnit="0.2" tax="0.27" acvTotal="9.9" rcvTotal="9.9" trade="TIL"/></ITEM_ACTS></ITEM><ITEM type="I" lineNum="9" cat="FCT" sel="B-" act="&amp;" actPrefix="R&amp;R" desc="Tile base - Standard grade" calc="PF" qty="39.92" unit="LF" coverageName="Structure" remove="1.62" replace="13.57" total="606.38" acv="606.38" recoverable="1" tax="6.9" acvTotal="613.28" rcvTotal="613.28" isPartOfInitSettle="1" laborTotal="488.62" laborBase="130.94" laborBurden="61.47" laborMarkup="296.21" laborHours="6.67" material="102.19" equipment="15.57" containsBSCDontApply="1"><ITEM_ACTS><ITEM_ACT act="-" labUnit="1.62" acvTotal="1.62" rcvTotal="1.62" trade="DMO"/><ITEM_ACT act="+" labUnit="10.62" matUnit="2.56" equUnit="0.39" tax="0.17" acvTotal="13.74" rcvTotal="13.74" trade="TIL"/></ITEM_ACTS></ITEM></ITEMS></GROUP></GROUPS></GROUP><GROUP desc="Labor Minimums Applied" total="153.69" acvTotal="153.69" rcvTotal="153.69"><ITEMS total="153.69"><ITEM type="I" lineNum="10" cat="CLN" sel="MN-A" act="+" desc="Cleaning labor minimum" calc="1" qty="1" unit="EA" coverageName="Contents" replace="30.08" total="30.08" acv="30.08" recoverable="1" acvTotal="30.08" rcvTotal="30.08" isPartOfInitSettle="0" laborTotal="30.08" laborBase="30.08"><ITEM_ACTS><ITEM_ACT act="+" labUnit="30.08"/></ITEM_ACTS></ITEM><ITEM type="I" lineNum="11" cat="PNT" sel="MN-A" act="+" desc="Painting labor minimum" calc="1" qty="1" unit="EA" coverageName="Structure" replace="123.61" total="123.61" acv="123.61" recoverable="1" acvTotal="123.61" rcvTotal="123.61" isPartOfInitSettle="0" laborTotal="123.61" laborBase="123.61"><ITEM_ACTS><ITEM_ACT act="+" labUnit="123.61"/></ITEM_ACTS></ITEM></ITEMS></GROUP></GROUPS><AREA_DIM_VARS sfWalls="2460.89" sfCeiling="1061.22" sfWallsCeiling="3522.1" sfFloor="1061.22" syFloor="117.91" lfFloorPerim="303.83" lfCeilingPerim="326.5" sfSkFloor="1061.22" sfSkTotalFloor="1142.58" sfSkIntWall="2460.89" sfSkExtWall="1419" lfSkExtWallPerim="157.67"/></GROUP><COV_BREAKDOWN total="5924.5" grandTotal="6087.34"><COV_AMOUNTS desc="Structure" total="5857.29" totalPct="98.87" grandTotal="6017.62" grandTotalPct="98.85"/><COV_AMOUNTS desc="Contents" total="67.21" totalPct="1.13" grandTotal="69.72" grandTotalPct="1.15"/></COV_BREAKDOWN></LINE_ITEM_DETAIL><RECAP_BY_ROOM total="5924.5"><RECAP_GROUP desc="JANE_SMITH" subtotal="5924.5" subtotalPercentage="100"><RECAP_GROUPS><RECAP_GROUP desc="Main Level" subtotal="5770.81" subtotalPercentage="97.41"><SUBTOTAL_COV_INFO><COV name="Structure" rate="99.36" amount="5733.68"/><COV name="Contents" rate="0.64" amount="37.13"/></SUBTOTAL_COV_INFO><RECAP_GROUPS><RECAP_GROUP desc="Family Room" items="3659.58" itemsPercentage="61.77"><ITEMS_COV_INFO><COV name="Structure" rate="98.99" amount="3622.45"/><COV name="Contents" rate="1.01" amount="37.13"/></ITEMS_COV_INFO></RECAP_GROUP><RECAP_GROUP desc="Kitchen" items="2111.23" itemsPercentage="35.64"><ITEMS_COV_INFO><COV name="Structure" rate="100" amount="2111.23"/></ITEMS_COV_INFO></RECAP_GROUP></RECAP_GROUPS></RECAP_GROUP><RECAP_GROUP desc="Labor Minimums Applied" items="153.69" itemsPercentage="2.59"><ITEMS_COV_INFO><COV name="Structure" rate="80.43" amount="123.61"/><COV name="Contents" rate="19.57" amount="30.08"/></ITEMS_COV_INFO></RECAP_GROUP></RECAP_GROUPS><SUBTOTAL_COV_INFO><COV name="Structure" rate="98.87" amount="5857.29"/><COV name="Contents" rate="1.13" amount="67.21"/></SUBTOTAL_COV_INFO></RECAP_GROUP></RECAP_BY_ROOM><RECAP_BY_CATEGORY subtotalRCV="6087.34"><OP_ITEMS subtotalRCV="5924.5" subtotalPercentage="97.32"><CATEGORY desc="GENERAL DEMOLITION" rcv="626.2" percentage="10.29"><COV_INFO><COV name="Structure" rate="100" amount="626.2"/></COV_INFO></CATEGORY><CATEGORY desc="CONT: CLEAN - HARD FURNITURE" rcv="37.13" percentage="0.61"><COV_INFO><COV name="Contents" rate="100" amount="37.13"/></COV_INFO></CATEGORY><CATEGORY desc="CLEANING" rcv="51.38" percentage="0.84"><COV_INFO><COV name="Structure" rate="41.46" amount="21.3"/><COV name="Contents" rate="58.54" amount="30.08"/></COV_INFO></CATEGORY><CATEGORY desc="DRYWALL" rcv="1665.23" percentage="27.36"><COV_INFO><COV name="Structure" rate="100" amount="1665.23"/></COV_INFO></CATEGORY><CATEGORY desc="FLOOR COVERING - CARPET" rcv="1562.78" percentage="25.67"><COV_INFO><COV name="Structure" rate="100" amount="1562.78"/></COV_INFO></CATEGORY><CATEGORY desc="FLOOR COVERING - CERAMIC TILE" rcv="1796.4" percentage="29.51"><COV_INFO><COV name="Structure" rate="100" amount="1796.4"/></COV_INFO></CATEGORY><CATEGORY desc="PAINTING" rcv="185.38" percentage="3.05"><COV_INFO><COV name="Structure" rate="100" amount="185.38"/></COV_INFO></CATEGORY></OP_ITEMS><SALES_TAXES><SALES_TAX desc="Material Sales Tax" percentage="2.63" rcv="160.33"><COV_INFO><COV name="Structure" rate="100" amount="160.33"/></COV_INFO></SALES_TAX><SALES_TAX desc="Contents Cln Svc Tax" percentage="0.04" rcv="2.51"><COV_INFO><COV name="Contents" rate="100" amount="2.51"/></COV_INFO></SALES_TAX></SALES_TAXES></RECAP_BY_CATEGORY></GENERIC_ROUGHDRAFT>