<?xml version='1.0' encoding='UTF-8' ?><GENERIC_ROUGHDRAFT xmlns="http://xactware.com/generic_roughdraft.xsd" majorVersion="28" minorVersion="0" transactionId="007BG8P"><HEADER dateCreated="2020-10-01T13:49:25"/><COVERSHEET><ESTIMATE_INFO estimateName="EPUECHI__PAULINNA" insuredName="EPUECHI, PAULINNA" priceList="PAJO8X_SEP20" laborEff="Restoration/Service/Remodel" claimNumber="003121978-8-W" policyNumber="PAH030040019" typeOfLoss="HURRICANE" deprMat="1" recipientsXNAddress="ACSC.TEST.STAFF" rotationTrade="General" carrierId="1860800" estimateType="Structural"/><ADDRESSES><ADDRESS type="Property" street="1061 CARBON RD" city="GREENSBURG" state="PA" zip="15601-5213" primary="1"/><ADDRESS type="Home" street="1061 CARBON RD" city="GREENSBURG" state="PA" zip="15601-5213"/></ADDRESSES><PHONES><PHONE type="Home" primary="1" phone="244-935-2334"/><PHONE type="Business" phone="244-479-6571"/></PHONES><CONTACTS><CONTACT type="ClaimRep" name="Paola Torres" title="EP" company="AAA"><PHONES><PHONE primary="1" type="Business" phone="714-111-1111"/></PHONES></CONTACT><CONTACT type="Estimator" name="Paola Torres" title="EP" company="AAA"><PHONES><PHONE primary="1" type="Business" phone="714-111-1111"/></PHONES></CONTACT></CONTACTS><DATES loss="2020-04-05" inspected="2020-10-01" completed="2020-10-01T17:49:23Z" received="2020-09-29" entered="2020-10-01T17:46:01Z" contacted="2020-10-01"/></COVERSHEET><COVERAGES><COVERAGE coverageName="Dwelling" coverageType="0" id="1"><SUMMARY><TOTALS lineItemTotal="645.83" subtotal="673.55" rcv="673.55" recDepr="96" depr="96" acv="577.55" netClaim="577.55" actualRecDepr="96" netClaimIfRec="673.55"><SALES_TAXES><SALES_TAX desc="Material Sales Tax" amount="27.72" taxOP="OPonTax"/></SALES_TAXES><SIGNATURE estimator="Paola Torres" estimatorTitle="EP"/></TOTALS></SUMMARY></COVERAGE><COVERAGE coverageName="Locks" coverageType="0" id="15"/><COVERAGE coverageName="Other Structures" coverageType="0" id="20"/><COVERAGE coverageName="Personal Property" coverageType="0" id="30"/><COVERAGE coverageName="Personal Property Off Premises" coverageType="0" id="60"/><COVERAGE coverageName="Loss of Use" coverageType="0" id="80"/></COVERAGES><RECAP_TAX_OP><TAXES><TAX_DETAIL taxNum="1" rate="6" desc="Material Sales Tax" amount="27.72"/><TAX_DETAIL taxNum="2" rate="6" desc="Cleaning Mtl Tax"/><TAX_DETAIL taxNum="3" rate="6" desc="Cleaning Sales Tax"/><TAX_DETAIL taxNum="4" rate="6" desc="Clothing Acc Tax"/><TAX_DETAIL taxNum="5" rate="6" desc="Manuf. Home Tax"/><TAX_DETAIL taxNum="6" rate="6" desc="Storage Rental Tax"/><TAX_DETAIL taxNum="7" rate="6" desc="Dryclean/Laundry Tax"/></TAXES><LINE_ITEMS><TAXES><TAX_AMOUNT taxNum="1" amount="27.72"/></TAXES></LINE_ITEMS></RECAP_TAX_OP><LINE_ITEM_DETAIL total="645.83"><GROUP desc="EPUECHI__PAULINNA" total="645.83" acvTotal="577.55" rcvTotal="673.55" tax="27.72"><ITEMS total="499.73"><ITEM type="I" lineNum="1" cat="ART" sel="LITH" act="+" desc="Lithograph" calc="1" qty="1" unit="EA" coverageName="Dwelling" replace="120" total="120" acv="24" deprType="2" recoverable="1" age="8" lifeExp="10" depr="96" tax="7.2" acvTotal="31.2" deprTotal="96" rcvTotal="127.2" isPartOfInitSettle="1" material="120" isNonOP="1" isHomeowner="1"><ITEM_ACTS><ITEM_ACT act="+" matUnit="120"/></ITEM_ACTS></ITEM><ITEM type="I" lineNum="3" cat="ACT" sel="BALL++" act="&amp;" actPrefix="R&amp;R" desc="Special - ballroom ceiling panels - Premium grade" calc="23" qty="23" unit="SF" coverageName="Dwelling" remove="0.23" replace="16.28" total="379.73" acv="379.73" deprType="2" recoverable="1" lifeExp="150" tax="20.52" acvTotal="400.25" rcvTotal="400.25" isPartOfInitSettle="1" laborTotal="37.72" laborBase="13.57" laborBurden="7.82" laborMarkup="16.33" laborHours="0.63" material="342.01" containsBSCDontApply="1"><ITEM_ACTS><ITEM_ACT act="-" labUnit="0.23" acvTotal="0.23" rcvTotal="0.23" trade="DMO"/><ITEM_ACT act="+" labUnit="1.41" matUnit="14.87" tax="0.89" acvTotal="17.17" rcvTotal="17.17" trade="DRY"/></ITEM_ACTS></ITEM></ITEMS><GROUPS><GROUP desc="Labor Minimums Applied" total="146.1" acvTotal="146.1" rcvTotal="146.1"><ITEMS total="146.1"><ITEM type="I" lineNum="4" cat="ACT" sel="MN-A" act="+" desc="Acoustic ceiling tile labor minimum" calc="1" qty="1" unit="EA" coverageName="Dwelling" replace="146.1" total="146.1" acv="146.1" recoverable="1" acvTotal="146.1" rcvTotal="146.1" isPartOfInitSettle="0" laborTotal="146.1" laborBase="146.1"><ITEM_ACTS><ITEM_ACT act="+" labUnit="146.1"/></ITEM_ACTS></ITEM></ITEMS></GROUP></GROUPS><AREA_DIM_VARS sfWalls="384" sfCeiling="144" sfWallsCeiling="528" sfFloor="144" syFloor="16" lfFloorPerim="48" lfCeilingPerim="48" sfSkFloor="144" sfSkTotalFloor="160.44" sfSkIntWall="384" sfSkExtWall="456" lfSkExtWallPerim="50.67"/></GROUP><COV_BREAKDOWN total="645.83" grandTotal="577.55"><COV_AMOUNTS desc="Dwelling" total="645.83" totalPct="100" grandTotal="577.55" grandTotalPct="100"/><COV_AMOUNTS desc="Locks"/><COV_AMOUNTS desc="Other Structures"/><COV_AMOUNTS desc="Personal Property"/><COV_AMOUNTS desc="Personal Property Off Premises"/><COV_AMOUNTS desc="Loss of Use"/></COV_BREAKDOWN></LINE_ITEM_DETAIL><RECAP_BY_ROOM total="645.83"><RECAP_GROUP desc="EPUECHI__PAULINNA" items="499.73" itemsPercentage="77.38" subtotal="645.83" subtotalPercentage="100"><ITEMS_COV_INFO><COV name="Dwelling" rate="100" amount="499.73"/></ITEMS_COV_INFO><RECAP_GROUPS><RECAP_GROUP desc="Labor Minimums Applied" items="146.1" itemsPercentage="22.62"><ITEMS_COV_INFO><COV name="Dwelling" rate="100" amount="146.1"/></ITEMS_COV_INFO></RECAP_GROUP></RECAP_GROUPS><SUBTOTAL_COV_INFO><COV name="Dwelling" rate="100" amount="645.83"/></SUBTOTAL_COV_INFO></RECAP_GROUP></RECAP_BY_ROOM><RECAP_BY_CATEGORY subtotalRCV="673.55" subtotalDeprec="96" subtotalACV="577.55"><OP_ITEMS subtotalRCV="525.83" subtotalACV="525.83"><CATEGORY desc="GENERAL DEMOLITION" rcv="5.29" acv="5.29"/><CATEGORY desc="ACOUSTICAL TREATMENTS" rcv="520.54" acv="520.54"/></OP_ITEMS><NON_OP_ITEMS subtotalRCV="120" subtotalDeprec="96" subtotalACV="24"><CATEGORY desc="ARTWORK" rcv="120" deprec="96" acv="24"/></NON_OP_ITEMS><SALES_TAXES><SALES_TAX desc="Material Sales Tax" rcv="27.72" acv="27.72"/></SALES_TAXES></RECAP_BY_CATEGORY></GENERIC_ROUGHDRAFT>