<?xml version='1.0' encoding='UTF-8' ?>
  <XACTDOC>
    <XACTNET_INFO
      assignmentType = "1"
      transactionId = "007BG8P"
      carrierId = "1860800"
      senderId = "1200000"
      recipientsXNAddress = "ACSC.TEST.STAFF"
      recipientsXM8UserId = "TORRES.P"
      sendersXNAddress = "ACSC.HOME.WEB"
      carrierAttribute2 = "ClaimsPortalACSC"
      carrierOffice1 = "Pennsylvania"
      carrierOffice2 = "Pennsylvania"
      carrierOffice3 = "Westmoreland"
      sendersOfficeDescription1 = "Pennsylvania"
      sendersOfficeDescription2 = "Pennsylvania"
      sendersOfficeDescription3 = "Westmoreland"
      recipientsId = "E648727"
      rotationTrade = "General"
      jobSizeCode = "2"
      emergency = "0"
      transactionType = "EST,ASG"
      estimateCount = "1"
      carrierName = "ACE - Staff"
      mitigation = "0"
      profileCode = "76"
    >
      <CONTROL_POINTS
        testAssignment = "0"
      />
      <ATTACHMENTS>
        <ATT_FILE
          fileName = "GENERIC_ROUGHDRAFT.XML"
          fileDesc = "Rough Draft XML"
          fileDate = "2020-10-01T14:49:42"
          fileType = "XML"
        />
        <ATT_FILE
          fileName = "Sketch_Summary.PDF"
          fileDesc = "Sketch Summary"
          fileDate = "2020-10-01T14:49:42"
          fileType = "PDF"
        />
        <ATT_FILE
          fileName = "VARIATION_REPORT.PDF"
          fileDesc = "VARIATION REPORT"
          fileDate = "2020-10-01T14:49:42"
          fileType = "PDF"
        />
        <ATT_FILE
          fileName = "Report_Rough_Draft.PDF"
          fileDesc = "Report Rough Draft"
          fileDate = "2020-10-01T14:49:42"
          fileType = "PDF"
        />
        <ATT_FILE
          fileName = "FINAL_DRAFT_WITH_AGE_LIFE_AND_CONDITION_Report.PDF"
          fileDesc = "FINAL DRAFT WITH AGE LIFE AND CONDITION Report"
          fileDate = "2020-10-01T14:49:42"
          fileType = "PDF"
        />
        <ATT_FILE
          fileName = "FINAL_DRAFT_BY_COVERAGE_TYPE_Report.PDF"
          fileDesc = "FINAL DRAFT BY COVERAGE TYPE Report"
          fileDate = "2020-10-01T14:49:42"
          fileType = "PDF"
        />
        <ATT_FILE
          fileName = "ESTIMATE_AUDIT_REPORT.PDF"
          fileDesc = "ESTIMATE AUDIT REPORT"
          fileDate = "2020-10-01T14:49:42"
          fileType = "PDF"
        />
        <ATT_FILE
          fileName = "XACTDOC.XML"
          fileDesc = "Stndard Carrier Export XML"
          fileDate = "2020-10-01T14:49:42"
          fileType = "XML"
        />
      </ATTACHMENTS>
      <SUMMARY
        homeOwnerItems = "127.20"
        contractorItems = "546.35"
        estimateLineItemTotal = "499.73"
        minimumChargeAdjustments = "146.10"
        overhead = "0.00"
        profit = "0.00"
        salesTax = "27.72"
        grossEstimate = "673.55"
        recoverableDepreciation = "96.00"
        nonRecoverableDepreciation = "0.00"
        netEstimate = "577.55"
        priceListLineItemTotal = "499.73"
        deductible = "0.00"
      />
    </XACTNET_INFO>
    <CONTACTS>
      <CONTACT
        type = "Client"
        name = "EPUECHI, PAULINNA"
        qcode = ""
        mortgageHolder = "FIRST NATIONAL BANK OF PENNSYLVANIA"
        birthDate = ""
        reference = ""
        language = ""
        title = ""
      >
        <ADDRESSES>
          <ADDRESS
            type = "Home"
            street = "1061 CARBON RD"
            city = "GREENSBURG"
            state = "PA"
            postal = "15601-5213"
            country = "US"
          />
          <ADDRESS
            type = "Property"
            street = "1061 CARBON RD"
            city = "GREENSBURG"
            state = "PA"
            postal = "15601-5213"
            country = "US"
            lat = "40.2874"
            lon = "-79.5618"
          />
        </ADDRESSES>
        <CONTACTMETHODS>
          <PHONE
            type = "Business"
            number = "244-479-6571"
          />
          <PHONE
            type = "Home"
            number = "244-935-2334"
          />
          <EMAIL
            address = ""
          />
        </CONTACTMETHODS>
      </CONTACT>
      <CONTACT
        type = "Estimator"
        name = "Paola Torres"
        qcode = "PAOLA"
        birthDate = ""
        reference = ""
        language = ""
        position = "EP"
        title = ""
      >
        <ADDRESSES/>
        <CONTACTMETHODS>
          <PHONE
            type = "Business"
            number = "714-111-1111"
          />
          <EMAIL
            address = ""
          />
        </CONTACTMETHODS>
      </CONTACT>
      <CONTACT
        type = "ClaimRep"
        name = "Paola Torres"
        qcode = "PAOLA"
        birthDate = ""
        reference = ""
        language = ""
        title = ""
      >
        <ADDRESSES/>
        <CONTACTMETHODS>
          <PHONE
            type = "Business"
            number = "714-111-1111"
          />
          <EMAIL
            address = ""
          />
        </CONTACTMETHODS>
      </CONTACT>
      <CONTACT
        type = "Claimant"
        name = ""
        qcode = ""
        birthDate = ""
        reference = ""
        language = ""
        title = ""
      >
        <ADDRESSES/>
        <CONTACTMETHODS>
          <EMAIL
            address = ""
          />
        </CONTACTMETHODS>
      </CONTACT>
    </CONTACTS>
    <PROJECT_INFO
      assignmentCode = "003121978-8-"
      name = "EPUECHI__PAULINNA"
      version = "16"
      profile = "76"
      xactnetAddress = "ACSC.HOME.WEB"
      created = "2020-10-01T20:46:01Z"
      userId = "TORRES.P"
      status = "Completed"
      showIADeskAdjuster = "1"
      showDeskAdjuster = "1"
    >
      <NOTES><![CDATA[From: ACE - Staff

ASSIGNMENT PROFILE:
Type: Normal
Claim Rep: 
Date of Loss: 04/05/2020
Claim Number: 003121978-8-W
Insured Name: EPUECHI, PAULINNA
Day Phone: (244) 479-6571
Evening Phone: (244) 935-2334

Type of Loss: Hurricane
Job Type: General
Location of Property: 1061 CARBON RD, GREENSBURG, PA 15601-5213

Instructions:

Years of Membership: 009

HO401 Pennsylvania Homeowners Deluxe Package
438BFU Mortgagee Endorsement
2746 Amendatory Endorsement - Pennsylvania
HO30 Functional Replacement Cost Loss Settlement
Risk Deductible: 1000
Policy Type: HOB
Square Footage: 1410
Year of Construction: 1920

Roof Year 2012
Roof Type Composition Shingles
test


Assignment Received by XactAnalysis:  09/29/2020 11:58AM MT
(XactAnalysis ID: 007BG8P)
]]></NOTES>
    </PROJECT_INFO>
    <ADM
      dateOfLoss = "2020-04-05T00:00:01"
      dateInspected = "2020-10-01T00:00:00"
      dateReceived = "2020-09-29T00:00:01"
      dateEntered = "2020-10-01T17:46:01Z"
      dateProjCompleted = "2020-10-01T17:49:23Z"
      dateContacted = "2020-10-01T00:00:00"
      agentCode = ""
      fileNumber = "003121978-8-W"
      denial = "Covered Loss"
    >
      <COVERAGE_LOSS
        claimNumber = "003121978-8-W"
        policyNumber = "PAH030040019"
        catastrophe = ""
        policyStart = "2019-05-17"
        policyEnd = "2020-05-17"
        dateInitCov = "2014-05-17"
      >
        <TOL
          code = "HURRICANE"
          desc = ""
        />
        <COVERAGES
          lossOfUseReserve = "0"
          lossOfUse = "0"
          doNotApplyLimits = "0"
        >
          <COVERAGE
            covName = "Dwelling"
            id = "COV1"
            covType = "0"
            policyLimit = "234000"
            deductible = "0"
            applyTo = "0"
            coins = "0"
            reserveAmt = "0"
          >
            <LOSS_DATA
              deductApplied = "0"
              overLimits = "0"
            />
          </COVERAGE>
          <COVERAGE
            covName = "Locks"
            id = "COV15"
            covType = "0"
            policyLimit = "250"
            deductible = "0"
            applyTo = "0"
            coins = "0"
            reserveAmt = "0"
          >
            <LOSS_DATA
              deductApplied = "0"
              overLimits = "0"
            />
          </COVERAGE>
          <COVERAGE
            covName = "Other Structures"
            id = "COV20"
            covType = "0"
            policyLimit = "23400"
            deductible = "0"
            applyTo = "0"
            coins = "0"
            reserveAmt = "0"
          >
            <LOSS_DATA
              deductApplied = "0"
              overLimits = "0"
            />
          </COVERAGE>
          <COVERAGE
            covName = "Personal Property"
            id = "COV30"
            covType = "0"
            policyLimit = "163800"
            deductible = "0"
            applyTo = "0"
            coins = "0"
            reserveAmt = "0"
          >
            <LOSS_DATA
              deductApplied = "0"
              overLimits = "0"
            />
          </COVERAGE>
          <COVERAGE
            covName = "Personal Property Off Premises"
            id = "COV60"
            covType = "0"
            policyLimit = "16380"
            deductible = "0"
            applyTo = "0"
            coins = "0"
            reserveAmt = "0"
          >
            <LOSS_DATA
              deductApplied = "0"
              overLimits = "0"
            />
          </COVERAGE>
          <COVERAGE
            covName = "Loss of Use"
            id = "COV80"
            covType = "0"
            policyLimit = "70200"
            deductible = "0"
            applyTo = "0"
            coins = "0"
            reserveAmt = "0"
          >
            <LOSS_DATA
              deductApplied = "0"
              overLimits = "0"
            />
          </COVERAGE>
        </COVERAGES>
      </COVERAGE_LOSS>
    </ADM>
    <CLAIM_INFO>
      <ADMIN_INFO
        branch = ""
      />
    </CLAIM_INFO>
    <PARAMS
      priceList = "PAJO8X_SEP20"
      taxJurisdiction = "6%"
      checkpointPL = "PAJO8X_SEP20"
      overhead = "0"
      profit = "0"
      cumulativeOP = "0"
      plModifiedDateTime = "2020-09-01T01:00:00"
      defaultRepairedBy = "Contractor"
      depMat = "1"
      maxDepr = "100"
    />
    <EMBEDDED_PL>
      <MINIMUMS>
        <MINIMUM
          id = "MIN1"
          desc = "Acoustic ceiling tile labor minimum"
          amount = "183.82"
          cat = "ACT"
          sel = "MN-A"
        />
      </MINIMUMS>
    </EMBEDDED_PL>
  </XACTDOC>