<?xml version='1.0' encoding='UTF-8' ?><GENERIC_ROUGHDRAFT xmlns="http://xactware.com/generic_roughdraft.xsd" majorVersion="28" minorVersion="0" transactionId="007B186"><HEADER dateCreated="2020-09-23T09:17:08"/><COVERSHEET><ESTIMATE_INFO estimateName="EPUECHI__PAULINNA" insuredName="EPUECHI, PAULINNA" priceList="PAJO8X_SEP20" laborEff="Restoration/Service/Remodel" claimNumber="003121503-8-W" policyNumber="PAH030040019" typeOfLoss="Vandalism" deprMat="1" onsite="1" printOnsite="1" onsitePayment="1" estimatedOnsite="1" recipientsXNAddress="TEST.XNA.GL" rotationTrade="General" carrierId="1860800" estimateType="Structural"/><ADDRESSES><ADDRESS type="Property" street="1061 CARBON RD" city="GREENSBURG" state="PA" zip="15601-5213" primary="1"/><ADDRESS type="Home" street="1061 CARBON RD" city="GREENSBURG" state="PA" zip="15601-5213"/></ADDRESSES><PHONES><PHONE type="Home" primary="1" phone="244-935-2334"/><PHONE type="Business" phone="244-479-6571"/></PHONES><CONTACTS><CONTACT type="ClaimRep" name="Gabe"/><CONTACT type="Estimator" name="Gabe"/></CONTACTS><DATES loss="2020-03-01" inspected="2020-09-23" completed="2020-09-23T13:17:07Z" received="2020-09-23" entered="2020-09-23T13:42:02Z" contacted="2020-09-23"/></COVERSHEET><COVERAGES><COVERAGE deductible="1500" coverageName="Dwelling" coverageType="0" id="1"><SUMMARY><TOTALS lineItemTotal="2167.59" subtotal="2186.44" rcv="2186.44" acv="2186.44" deductible="1500" fullDeduct="1500" netClaim="686.44"><SALES_TAXES><SALES_TAX desc="Material Sales Tax" amount="18.85" taxOP="OPonTax"/></SALES_TAXES><SIGNATURE estimator="Gabe"/></TOTALS></SUMMARY><LOSS_DATA rcl="2186.44" deductApplied="1500" acvLoss="2186.44" acvClaim="686.44" rcvClaim="686.44" adjLossAmt="686.44"/></COVERAGE><COVERAGE coverageName="Locks" coverageType="0" id="15"/><COVERAGE coverageName="Other Structures" coverageType="0" id="20"/><COVERAGE coverageName="Personal Property" coverageType="0" id="30"/><COVERAGE coverageName="Personal Property Off Premises" coverageType="0" id="60"/><COVERAGE coverageName="Loss of Use" coverageType="0" id="80"/></COVERAGES><RECAP_TAX_OP><TAXES><TAX_DETAIL taxNum="1" rate="6" desc="Material Sales Tax" amount="18.85"/><TAX_DETAIL taxNum="2" rate="6" desc="Cleaning Mtl Tax"/><TAX_DETAIL taxNum="3" rate="6" desc="Cleaning Sales Tax"/><TAX_DETAIL taxNum="4" rate="6" desc="Clothing Acc Tax"/><TAX_DETAIL taxNum="5" rate="6" desc="Manuf. Home Tax"/><TAX_DETAIL taxNum="6" rate="6" desc="Storage Rental Tax"/><TAX_DETAIL taxNum="7" rate="6" desc="Dryclean/Laundry Tax"/></TAXES><LINE_ITEMS><TAXES><TAX_AMOUNT taxNum="1" amount="18.85"/></TAXES></LINE_ITEMS></RECAP_TAX_OP><LINE_ITEM_DETAIL contractorTotal="686.44" total="2167.59"><GROUP desc="EPUECHI__PAULINNA" total="2167.59" acvTotal="2186.44" rcvTotal="2186.44" tax="18.85"><ITEMS total="2124.32"><ITEM type="I" lineNum="1" cat="CNC" sel="SL4" act="&amp;" actPrefix="R&amp;R" desc="Concrete slab on grade - 4&quot; - finished in place" calc="40" qty="40" unit="SF" coverageName="Dwelling" remove="3.11" replace="3.94" total="282" acv="282" deprType="2" recoverable="1" lifeExp="50" tax="5.18" acvTotal="287.18" rcvTotal="287.18" isPartOfInitSettle="1" laborTotal="180" laborBase="54.4" laborBurden="34.8" laborMarkup="90.8" laborHours="3.13" material="86.4" equipment="15.6" containsBSCDontApply="1"><ITEM_ACTS><ITEM_ACT act="-" labUnit="2.72" equUnit="0.39" acvTotal="3.11" rcvTotal="3.11" trade="DMO"/><ITEM_ACT act="+" labUnit="1.78" matUnit="2.16" tax="0.13" acvTotal="4.07" rcvTotal="4.07" trade="CNC"/></ITEM_ACTS></ITEM><ITEM type="I" lineNum="3" cat="EQU" sel="SKID" act="+" desc="Skid steer loader and operator" calc="4" qty="4" unit="HR" coverageName="Dwelling" replace="78.47" total="313.88" acv="313.88" deprType="2" recoverable="1" acvTotal="313.88" rcvTotal="313.88" isPartOfInitSettle="1" laborTotal="208" laborBase="91.16" laborBurden="49.84" laborMarkup="67" laborHours="4" equipment="105.88" containsBSCDontApply="1"><ITEM_ACTS><ITEM_ACT act="+" labUnit="52" equUnit="26.47" trade="EQU"/></ITEM_ACTS></ITEM><ITEM type="I" lineNum="5" cat="DMO" sel="DTRUCK" act="-" actPrefix="Remove" desc="Single axle dump truck - per load - including dump fees" calc="1" qty="1" unit="EA" coverageName="Dwelling" remove="265.85" total="265.85" acv="265.85" deprType="2" recoverable="1" acvTotal="265.85" rcvTotal="265.85" isPartOfInitSettle="1" laborTotal="81.25" laborBase="35.61" laborBurden="19.47" laborMarkup="26.17" laborHours="1.56" equipment="184.6" containsBSCDontApply="1"><ITEM_ACTS><ITEM_ACT act="-" labUnit="81.25" equUnit="184.6" trade="EQU"/></ITEM_ACTS></ITEM><ITEM type="I" lineNum="6" cat="SPE" sel="MBXB" act="&amp;" actPrefix="R&amp;R" desc="Brick mailbox" calc="1" qty="1" unit="EA" coverageName="Dwelling" remove="60.84" replace="1201.75" total="1262.59" acv="1262.59" deprType="2" recoverable="1" lifeExp="150" tax="13.67" acvTotal="1276.26" rcvTotal="1276.26" isPartOfInitSettle="1" laborTotal="1034.82" laborBase="423.82" laborBurden="241.54" laborMarkup="369.46" laborHours="17.19" material="227.77" containsBSCDontApply="1"><ITEM_ACTS><ITEM_ACT act="-" labUnit="60.84" acvTotal="60.84" rcvTotal="60.84" trade="DMO"/><ITEM_ACT act="+" labUnit="973.98" matUnit="227.77" tax="13.67" acvTotal="1215.42" rcvTotal="1215.42" trade="MAS"/></ITEM_ACTS></ITEM></ITEMS><GROUPS><GROUP desc="Labor Minimums Applied" total="43.27" acvTotal="43.27" rcvTotal="43.27"><ITEMS total="43.27"><ITEM type="I" lineNum="2" cat="CNC" sel="MN-A" act="+" desc="Miscellaneous concrete labor minimum" calc="1" qty="1" unit="EA" coverageName="Dwelling" replace="43.27" total="43.27" acv="43.27" recoverable="1" acvTotal="43.27" rcvTotal="43.27" isPartOfInitSettle="0" laborTotal="43.27" laborBase="43.27"><ITEM_ACTS><ITEM_ACT act="+" labUnit="43.27"/></ITEM_ACTS></ITEM></ITEMS></GROUP></GROUPS></GROUP><COV_BREAKDOWN total="2167.59" grandTotal="2186.44"><COV_AMOUNTS desc="Dwelling" total="2167.59" totalPct="100" grandTotal="2186.44" grandTotalPct="100"/><COV_AMOUNTS desc="Locks"/><COV_AMOUNTS desc="Other Structures"/><COV_AMOUNTS desc="Personal Property"/><COV_AMOUNTS desc="Personal Property Off Premises"/><COV_AMOUNTS desc="Loss of Use"/></COV_BREAKDOWN></LINE_ITEM_DETAIL><RECAP_BY_ROOM total="2167.59"><RECAP_GROUP desc="EPUECHI__PAULINNA" items="2124.32" itemsPercentage="98" subtotal="2167.59" subtotalPercentage="100"><ITEMS_COV_INFO><COV name="Dwelling" rate="100" amount="2124.32"/></ITEMS_COV_INFO><RECAP_GROUPS><RECAP_GROUP desc="Labor Minimums Applied" items="43.27" itemsPercentage="2"><ITEMS_COV_INFO><COV name="Dwelling" rate="100" amount="43.27"/></ITEMS_COV_INFO></RECAP_GROUP></RECAP_GROUPS><SUBTOTAL_COV_INFO><COV name="Dwelling" rate="100" amount="2167.59"/></SUBTOTAL_COV_INFO></RECAP_GROUP></RECAP_BY_ROOM><RECAP_BY_CATEGORY subtotalRCV="2186.44"><OP_ITEMS subtotalRCV="2167.59" subtotalPercentage="99.14"><CATEGORY desc="GENERAL DEMOLITION" rcv="451.09" percentage="20.63"/><CATEGORY desc="CONCRETE &amp; ASPHALT" rcv="200.87" percentage="9.19"/><CATEGORY desc="HEAVY EQUIPMENT" rcv="313.88" percentage="14.36"/><CATEGORY desc="SPECIALTY ITEMS" rcv="1201.75" percentage="54.96"/></OP_ITEMS><SALES_TAXES><SALES_TAX desc="Material Sales Tax" percentage="0.86" rcv="18.85"/></SALES_TAXES></RECAP_BY_CATEGORY></GENERIC_ROUGHDRAFT>