<?xml version='1.0' encoding='UTF-8' ?>
  <XACTDOC>
    <XACTNET_INFO
      assignmentType = "1"
      transactionId = "007B186"
      carrierId = "1860800"
      senderId = "1200000"
      recipientsXNAddress = "TEST.XNA.GL"
      recipientsXM8UserId = "LANCAST1"
      sendersXNAddress = "ACSC-NON-IRP.HOME.WEB"
      carrierAttribute2 = "ClaimsPortalACSC"
      carrierOffice1 = "Pennsylvania"
      carrierOffice2 = "Pennsylvania"
      carrierOffice3 = "Westmoreland"
      sendersOfficeDescription1 = "Pennsylvania"
      sendersOfficeDescription2 = "Pennsylvania"
      sendersOfficeDescription3 = "Westmoreland"
      recipientsId = "FIELD_Q"
      rotationTrade = "General"
      jobSizeCode = "2"
      emergency = "0"
      transactionType = "EST,ASG"
      estimateCount = "1"
      carrierName = "ACE - Staff"
      mitigation = "0"
      profileCode = "76"
    >
      <CONTROL_POINTS
        testAssignment = "0"
      />
      <ATTACHMENTS>
        <ATT_FILE
          fileName = "GENERIC_ROUGHDRAFT.XML"
          fileDesc = "Rough Draft XML"
          fileDate = "2020-09-23T08:37:32"
          fileType = "XML"
        />
        <ATT_FILE
          fileName = "FINAL_DRAFT_BY_COVERAGE_TYPE_Report.PDF"
          fileDesc = "FINAL DRAFT BY COVERAGE TYPE Report"
          fileDate = "2020-09-23T08:37:32"
          fileType = "PDF"
        />
        <ATT_FILE
          fileName = "Report_Rough_Draft.PDF"
          fileDesc = "Report Rough Draft"
          fileDate = "2020-09-23T08:37:32"
          fileType = "PDF"
        />
        <ATT_FILE
          fileName = "ESTIMATE_AUDIT_REPORT.PDF"
          fileDesc = "ESTIMATE AUDIT REPORT"
          fileDate = "2020-09-23T08:37:32"
          fileType = "PDF"
        />
        <ATT_FILE
          fileName = "FINAL_DRAFT_WITH_AGE_LIFE_AND_CONDITION_Report.PDF"
          fileDesc = "FINAL DRAFT WITH AGE LIFE AND CONDITION Report"
          fileDate = "2020-09-23T08:37:32"
          fileType = "PDF"
        />
        <ATT_FILE
          fileName = "VARIATION_REPORT.PDF"
          fileDesc = "VARIATION REPORT"
          fileDate = "2020-09-23T08:37:32"
          fileType = "PDF"
        />
        <ATT_FILE
          fileName = "XACTDOC.XML"
          fileDesc = "Stndard Carrier Export XML"
          fileDate = "2020-09-23T08:37:32"
          fileType = "XML"
        />
      </ATTACHMENTS>
      <SUMMARY
        homeOwnerItems = "0.00"
        contractorItems = "2186.44"
        estimateLineItemTotal = "2124.32"
        minimumChargeAdjustments = "43.27"
        overhead = "0.00"
        profit = "0.00"
        salesTax = "18.85"
        grossEstimate = "2186.44"
        recoverableDepreciation = "0.00"
        nonRecoverableDepreciation = "0.00"
        netEstimate = "686.44"
        priceListLineItemTotal = "2124.32"
        deductible = "1500.00"
      />
    </XACTNET_INFO>
    <CONTACTS>
      <CONTACT
        type = "Client"
        name = "EPUECHI, PAULINNA"
        qcode = ""
        mortgageHolder = "FIRST NATIONAL BANK OF PENNSYLVANIA"
        birthDate = ""
        reference = ""
        language = ""
        title = ""
      >
        <ADDRESSES>
          <ADDRESS
            type = "Home"
            street = "1061 CARBON RD"
            city = "GREENSBURG"
            state = "PA"
            postal = "15601-5213"
            country = "US"
          />
          <ADDRESS
            type = "Property"
            street = "1061 CARBON RD"
            city = "GREENSBURG"
            state = "PA"
            postal = "15601-5213"
            country = "US"
            lat = "40.2874"
            lon = "-79.5618"
          />
        </ADDRESSES>
        <CONTACTMETHODS>
          <PHONE
            type = "Business"
            number = "244-479-6571"
          />
          <PHONE
            type = "Home"
            number = "244-935-2334"
          />
          <EMAIL
            address = ""
          />
        </CONTACTMETHODS>
      </CONTACT>
      <CONTACT
        type = "Estimator"
        name = "Gabe"
        qcode = "GABE"
        birthDate = ""
        reference = ""
        language = ""
        position = ""
        title = ""
      >
        <ADDRESSES/>
        <CONTACTMETHODS>
          <EMAIL
            address = ""
          />
        </CONTACTMETHODS>
      </CONTACT>
      <CONTACT
        type = "ClaimRep"
        name = "Gabe"
        qcode = "GABE"
        birthDate = ""
        reference = ""
        language = ""
        title = ""
      >
        <ADDRESSES/>
        <CONTACTMETHODS>
          <EMAIL
            address = ""
          />
        </CONTACTMETHODS>
      </CONTACT>
      <CONTACT
        type = "Claimant"
        name = ""
        qcode = ""
        birthDate = ""
        reference = ""
        language = ""
        title = ""
      >
        <ADDRESSES/>
        <CONTACTMETHODS>
          <EMAIL
            address = ""
          />
        </CONTACTMETHODS>
      </CONTACT>
    </CONTACTS>
    <PROJECT_INFO
      assignmentCode = "WEB"
      name = "EPUECHI__PAULINNA"
      version = "16"
      profile = "76"
      xactnetAddress = "ACSC-NON-IRP.HOME.WEB"
      created = "2020-09-23T13:42:02Z"
      userId = "LANCAST1"
      status = "Completed"
      showIADeskAdjuster = "1"
      showDeskAdjuster = "1"
    >
      <NOTES><![CDATA[From: ACE - Staff

ASSIGNMENT PROFILE:
Type: Normal
Claim Rep: 
Date of Loss: 03/01/2020
Claim Number: 003121503-8-W
Insured Name: EPUECHI, PAULINNA
Day Phone: (244) 479-6571
Evening Phone: (244) 935-2334

Type of Loss: Vandalism
Job Type: General
Location of Property: 1061 CARBON RD, GREENSBURG, PA 15601-5213

Instructions:

Years of Membership: 009

438BFU Mortgagee Endorsement
2746 Amendatory Endorsement - Pennsylvania
HO401 Pennsylvania Homeowners Deluxe Package
HO30 Functional Replacement Cost Loss Settlement
Risk Deductible: 1000
Policy Type: HOB
Square Footage: 1410
Year of Construction: 1920

Roof Year 2012
Roof Type Composition Shingles
123


Assignment Received by XactAnalysis:  09/23/2020 07:36AM MT
(XactAnalysis ID: 007B186)
]]></NOTES>
    </PROJECT_INFO>
    <ADM
      dateOfLoss = "2020-03-01T00:00:01"
      dateInspected = "2020-09-23T00:00:00"
      dateReceived = "2020-09-23T00:00:01"
      dateEntered = "2020-09-23T13:42:02Z"
      dateProjCompleted = "2020-09-23T13:17:07Z"
      dateContacted = "2020-09-23T00:00:00"
      agentCode = ""
      fileNumber = "003121503-8-W"
      onsite = "1"
      estimatedOnsite = "1"
      printOnsite = "1"
      onsitePayment = "1"
      denial = "Covered Loss"
    >
      <COVERAGE_LOSS
        claimNumber = "003121503-8-W"
        policyNumber = "PAH030040019"
        catastrophe = ""
        policyStart = "2019-05-17"
        policyEnd = "2020-05-17"
        dateInitCov = "2014-05-17"
        dedApplyAcrossAllUI = "1"
      >
        <TOL
          code = "VANDALISM"
          desc = "Vandalism"
        />
        <COVERAGES
          lossOfUseReserve = "0"
          lossOfUse = "0"
          doNotApplyLimits = "0"
        >
          <COVERAGE
            covName = "Dwelling"
            id = "COV1"
            covType = "0"
            policyLimit = "234000"
            deductible = "1500"
            applyTo = "0"
            coins = "0"
            reserveAmt = "0"
          >
            <LOSS_DATA
              deductApplied = "1500"
              overLimits = "0"
            />
          </COVERAGE>
          <COVERAGE
            covName = "Locks"
            id = "COV15"
            covType = "0"
            policyLimit = "250"
            deductible = "0"
            applyTo = "0"
            coins = "0"
            reserveAmt = "0"
            sharedDeductibleRefID = "1"
          >
            <LOSS_DATA
              deductApplied = "0"
              overLimits = "0"
            />
          </COVERAGE>
          <COVERAGE
            covName = "Other Structures"
            id = "COV20"
            covType = "0"
            policyLimit = "23400"
            deductible = "0"
            applyTo = "0"
            coins = "0"
            reserveAmt = "0"
            sharedDeductibleRefID = "1"
          >
            <LOSS_DATA
              deductApplied = "0"
              overLimits = "0"
            />
          </COVERAGE>
          <COVERAGE
            covName = "Personal Property"
            id = "COV30"
            covType = "0"
            policyLimit = "163800"
            deductible = "0"
            applyTo = "0"
            coins = "0"
            reserveAmt = "0"
            sharedDeductibleRefID = "1"
          >
            <LOSS_DATA
              deductApplied = "0"
              overLimits = "0"
            />
          </COVERAGE>
          <COVERAGE
            covName = "Personal Property Off Premises"
            id = "COV60"
            covType = "0"
            policyLimit = "16380"
            deductible = "0"
            applyTo = "0"
            coins = "0"
            reserveAmt = "0"
            sharedDeductibleRefID = "1"
          >
            <LOSS_DATA
              deductApplied = "0"
              overLimits = "0"
            />
          </COVERAGE>
          <COVERAGE
            covName = "Loss of Use"
            id = "COV80"
            covType = "0"
            policyLimit = "70200"
            deductible = "0"
            applyTo = "0"
            coins = "0"
            reserveAmt = "0"
            sharedDeductibleRefID = "1"
          >
            <LOSS_DATA
              deductApplied = "0"
              overLimits = "0"
            />
          </COVERAGE>
        </COVERAGES>
      </COVERAGE_LOSS>
    </ADM>
    <CLAIM_INFO>
      <ADMIN_INFO
        branch = ""
      />
    </CLAIM_INFO>
    <PARAMS
      priceList = "PAJO8X_SEP20"
      taxJurisdiction = "6%"
      checkpointPL = "PAJO8X_SEP20"
      overhead = "0"
      profit = "0"
      cumulativeOP = "0"
      plModifiedDateTime = "2020-09-01T01:00:00"
      defaultRepairedBy = "Contractor"
      depMat = "1"
      maxDepr = "75"
    />
    <EMBEDDED_PL>
      <MINIMUMS>
        <MINIMUM
          id = "MIN1"
          desc = "Miscellaneous concrete labor minimum"
          amount = "223.27"
          cat = "CNC"
          sel = "MN-A"
        />
        <MINIMUM
          id = "MIN2"
          desc = "Heavy equipment labor minimum"
          amount = "130.01"
          cat = "EQU"
          sel = "MN-A"
        />
        <MINIMUM
          id = "MIN3"
          desc = "Masonry labor minimum"
          amount = "182.07"
          cat = "MAS"
          sel = "MN-A"
        />
      </MINIMUMS>
    </EMBEDDED_PL>
  </XACTDOC>