<?xml version='1.0' encoding='UTF-8' ?><GENERIC_ROUGHDRAFT xmlns="http://xactware.com/generic_roughdraft.xsd" majorVersion="28" minorVersion="0" transactionId="006YM4R"><HEADER dateCreated="2020-05-19T10:58:42"/><COVERSHEET><ESTIMATE_INFO estimateName="JGHHJVHNB__VIMONRET" insuredName="JGHHJVHNB, VIMONRET" priceList="CALA8X_APR20" laborEff="Restoration/Service/Remodel" claimNumber="003103458-8-WF" policyNumber="CHO084200015" typeOfLoss="Vandalism" deprMat="1" recipientsXNAddress="ACSC.TEST.PT" rotationTrade="Emergency" carrierId="1860800" estimateType="Structural"/><ADDRESSES><ADDRESS type="Property" street="8638 MORY ST" city="DOWNEY" state="CA" zip="90242-2649" primary="1"/><ADDRESS type="Home" street="9259 RAVILLER DR" city="DOWNEY" state="CA" zip="90240-3011"/></ADDRESSES><PHONES><PHONE type="Home" primary="1" phone="610-440-6762"/><PHONE type="Business" phone="610-400-9052"/></PHONES><CONTACTS><CONTACT type="ClaimRep" name="Paola Torres" title="EP" company="AAA"><PHONES><PHONE primary="1" type="Business" phone="714-111-1111"/></PHONES></CONTACT><CONTACT type="Estimator" name="Paola Torres" title="EP" company="AAA"><PHONES><PHONE primary="1" type="Business" phone="714-111-1111"/></PHONES></CONTACT></CONTACTS><DATES loss="2020-04-16" inspected="2020-05-19" completed="2020-05-19T17:58:41Z" received="2020-04-23" entered="2020-05-19T17:56:22Z" contacted="2020-05-18"/></COVERSHEET><COVERAGES><COVERAGE coverageName="Dwelling" coverageType="0" id="1"><SUMMARY><TOTALS lineItemTotal="5441.25" subtotal="5881.25" rcv="5881.25" recDepr="96.83" depr="96.83" acv="5784.42" netClaim="5784.42" actualRecDepr="96.83" netClaimIfRec="5881.25"><SALES_TAXES><SALES_TAX desc="Material Sales Tax" amount="440" taxOP="OPonTax"/></SALES_TAXES><SIGNATURE estimator="Paola Torres" estimatorTitle="EP"/></TOTALS></SUMMARY></COVERAGE><COVERAGE coverageName="Extended Replacement Cost (HO280)" coverageType="0" id="4"/><COVERAGE coverageName="Building Ordinance/Law (Endorsed)" coverageType="0" id="7"/><COVERAGE coverageName="Other Structures" coverageType="0" id="20"/><COVERAGE coverageName="Add&apos;l Limits Other Structures (Endorsed)" coverageType="0" id="21"/><COVERAGE coverageName="Landlord&apos;s Furnishings" coverageType="0" id="39"/><COVERAGE coverageName="Loss of Rental Income" coverageType="0" id="81"/></COVERAGES><RECAP_TAX_OP><TAXES><TAX_DETAIL taxNum="1" rate="10" desc="Material Sales Tax" amount="440"/><TAX_DETAIL taxNum="2" rate="10" desc="Storage Rental Tax"/></TAXES><LINE_ITEMS><TAXES><TAX_AMOUNT taxNum="1" amount="440"/></TAXES></LINE_ITEMS></RECAP_TAX_OP><LINE_ITEM_DETAIL total="5441.25"><GROUP desc="JGHHJVHNB__VIMONRET" total="5441.25" acvTotal="5784.42" rcvTotal="5881.25" tax="440"><ITEMS total="5441.25"><ITEM type="I" lineNum="1" cat="CAB" sel="CTCON+" act="&amp;" actPrefix="R&amp;R" desc="Countertop - concrete - High grade" calc="25" qty="25" unit="SF" coverageName="Dwelling" remove="6.18" replace="118.47" total="3116.25" acv="3019.42" deprType="2" recoverable="1" age="7" lifeExp="150" depr="96.83" tax="207.5" acvTotal="3226.92" deprTotal="96.83" rcvTotal="3323.75" isPartOfInitSettle="1" laborTotal="1041.25" laborBase="378.25" laborBurden="226.5" laborMarkup="436.5" laborHours="3.12" material="2075" containsBSCDontApply="1"><ITEM_ACTS><ITEM_ACT act="-" labUnit="6.18" acvTotal="6.18" rcvTotal="6.18" trade="DMO"/><ITEM_ACT act="+" labUnit="35.47" matUnit="83" tax="8.3" acvTotal="122.9" deprTotal="3.87" rcvTotal="126.77" trade="CARP-FNC"/></ITEM_ACTS></ITEM><ITEM type="I" lineNum="3" cat="ART" sel="ARTP++" act="+" desc="Painting - Artwork - Premium grade" calc="5" qty="5" unit="EA" coverageName="Dwelling" replace="465" total="2325" acv="2325" deprType="2" recoverable="1" tax="232.5" acvTotal="2557.5" rcvTotal="2557.5" isPartOfInitSettle="1" material="2325" isNonOP="1" isHomeowner="1"><ITEM_ACTS><ITEM_ACT act="+" matUnit="465"/></ITEM_ACTS></ITEM></ITEMS><AREA_DIM_VARS sfWalls="1448" sfCeiling="942" sfWallsCeiling="2390" sfFloor="942" syFloor="104.67" lfFloorPerim="181" lfCeilingPerim="181" sfSkFloor="942" sfSkTotalFloor="1002.78" sfSkIntWall="1448" sfSkExtWall="1653" lfSkExtWallPerim="183.67"/></GROUP><COV_BREAKDOWN total="5441.25" grandTotal="5784.42"><COV_AMOUNTS desc="Dwelling" total="5441.25" totalPct="100" grandTotal="5784.42" grandTotalPct="100"/><COV_AMOUNTS desc="Extended Replacement Cost (HO280)"/><COV_AMOUNTS desc="Building Ordinance/Law (Endorsed)"/><COV_AMOUNTS desc="Other Structures"/><COV_AMOUNTS desc="Add&apos;l Limits Other Structures (Endorsed)"/><COV_AMOUNTS desc="Landlord&apos;s Furnishings"/><COV_AMOUNTS desc="Loss of Rental Income"/></COV_BREAKDOWN></LINE_ITEM_DETAIL><RECAP_BY_ROOM total="5441.25"><RECAP_GROUP desc="JGHHJVHNB__VIMONRET" items="5441.25" itemsPercentage="100" subtotal="5441.25" subtotalPercentage="100"><ITEMS_COV_INFO><COV name="Dwelling" rate="100" amount="5441.25"/></ITEMS_COV_INFO><SUBTOTAL_COV_INFO><COV name="Dwelling" rate="100" amount="5441.25"/></SUBTOTAL_COV_INFO></RECAP_GROUP></RECAP_BY_ROOM><RECAP_BY_CATEGORY subtotalRCV="5881.25" subtotalDeprec="96.83" subtotalACV="5784.42"><OP_ITEMS subtotalRCV="3116.25" subtotalDeprec="96.83" subtotalACV="3019.42"><CATEGORY desc="GENERAL DEMOLITION" rcv="154.5" acv="154.5"/><CATEGORY desc="CABINETRY" rcv="2961.75" deprec="96.83" acv="2864.92"/></OP_ITEMS><NON_OP_ITEMS subtotalRCV="2325" subtotalACV="2325"><CATEGORY desc="ARTWORK" rcv="2325" acv="2325"/></NON_OP_ITEMS><SALES_TAXES><SALES_TAX desc="Material Sales Tax" rcv="440" acv="440"/></SALES_TAXES></RECAP_BY_CATEGORY></GENERIC_ROUGHDRAFT>