<?xml version='1.0' encoding='UTF-8' ?>
  <XACTDOC>
    <XACTNET_INFO
      assignmentType = "1"
      transactionId = "006YM4R"
      carrierId = "1860800"
      senderId = "1200000"
      recipientsXNAddress = "ACSC.TEST.PT"
      recipientsXM8UserId = "TORRES.P"
      sendersXNAddress = "ACSC-NON-IRP.HOME.WEB"
      carrierAttribute2 = "ClaimsPortalACSC"
      carrierOffice1 = "California"
      carrierOffice2 = "Los Angeles"
      carrierOffice3 = "Los Angeles"
      sendersOfficeDescription1 = "California"
      sendersOfficeDescription2 = "Los Angeles"
      sendersOfficeDescription3 = "Los Angeles"
      recipientsId = "FIELD_Q"
      rotationTrade = "Emergency"
      jobSizeCode = "2"
      emergency = "1"
      transactionType = "EST,ASG"
      estimateCount = "1"
      carrierName = "ACE - Staff"
      mitigation = "0"
      profileCode = "76"
    >
      <CONTROL_POINTS
        testAssignment = "0"
      />
      <ATTACHMENTS>
        <ATT_FILE
          fileName = "GENERIC_ROUGHDRAFT.XML"
          fileDesc = "Rough Draft XML"
          fileDate = "2020-05-19T11:59:03"
          fileType = "XML"
        />
        <ATT_FILE
          fileName = "FINAL_DRAFT_BY_COVERAGE_TYPE_Report.PDF"
          fileDesc = "FINAL DRAFT BY COVERAGE TYPE Report"
          fileDate = "2020-05-19T11:59:03"
          fileType = "PDF"
        />
        <ATT_FILE
          fileName = "ESTIMATE_AUDIT_REPORT.PDF"
          fileDesc = "ESTIMATE AUDIT REPORT"
          fileDate = "2020-05-19T11:59:03"
          fileType = "PDF"
        />
        <ATT_FILE
          fileName = "Report_Rough_Draft.PDF"
          fileDesc = "Report Rough Draft"
          fileDate = "2020-05-19T11:59:03"
          fileType = "PDF"
        />
        <ATT_FILE
          fileName = "VARIATION_REPORT.PDF"
          fileDesc = "VARIATION REPORT"
          fileDate = "2020-05-19T11:59:03"
          fileType = "PDF"
        />
        <ATT_FILE
          fileName = "Sketch_Summary.PDF"
          fileDesc = "Sketch Summary"
          fileDate = "2020-05-19T11:59:03"
          fileType = "PDF"
        />
        <ATT_FILE
          fileName = "FINAL_DRAFT_WITH_AGE_LIFE_AND_CONDITION_Report.PDF"
          fileDesc = "FINAL DRAFT WITH AGE LIFE AND CONDITION Report"
          fileDate = "2020-05-19T11:59:03"
          fileType = "PDF"
        />
        <ATT_FILE
          fileName = "XACTDOC.XML"
          fileDesc = "Stndard Carrier Export XML"
          fileDate = "2020-05-19T11:59:03"
          fileType = "XML"
        />
      </ATTACHMENTS>
      <SUMMARY
        homeOwnerItems = "2557.50"
        contractorItems = "3323.75"
        estimateLineItemTotal = "5441.25"
        minimumChargeAdjustments = "0.00"
        overhead = "0.00"
        profit = "0.00"
        salesTax = "440.00"
        grossEstimate = "5881.25"
        recoverableDepreciation = "96.83"
        nonRecoverableDepreciation = "0.00"
        netEstimate = "5784.42"
        priceListLineItemTotal = "5441.25"
        deductible = "0.00"
      />
    </XACTNET_INFO>
    <CONTACTS>
      <CONTACT
        type = "Client"
        name = "JGHHJVHNB, VIMONRET"
        qcode = ""
        mortgageHolder = "BANK OF THE WEST"
        birthDate = ""
        reference = ""
        language = ""
        title = ""
      >
        <ADDRESSES>
          <ADDRESS
            type = "Home"
            street = "9259 RAVILLER DR"
            city = "DOWNEY"
            state = "CA"
            postal = "90240-3011"
            country = "US"
          />
          <ADDRESS
            type = "Property"
            street = "8638 MORY ST"
            city = "DOWNEY"
            state = "CA"
            postal = "90242-2649"
            country = "US"
            lat = "33.9228"
            lon = "-118.1368"
          />
        </ADDRESSES>
        <CONTACTMETHODS>
          <PHONE
            type = "Business"
            number = "610-400-9052"
          />
          <PHONE
            type = "Home"
            number = "610-440-6762"
          />
          <EMAIL
            address = ""
          />
        </CONTACTMETHODS>
      </CONTACT>
      <CONTACT
        type = "Estimator"
        name = "Paola Torres"
        qcode = "PAOLA"
        birthDate = ""
        reference = ""
        language = ""
        position = "EP"
        title = ""
      >
        <ADDRESSES/>
        <CONTACTMETHODS>
          <PHONE
            type = "Business"
            number = "714-111-1111"
          />
          <EMAIL
            address = ""
          />
        </CONTACTMETHODS>
      </CONTACT>
      <CONTACT
        type = "ClaimRep"
        name = "Paola Torres"
        qcode = "PAOLA"
        birthDate = ""
        reference = ""
        language = ""
        title = ""
      >
        <ADDRESSES/>
        <CONTACTMETHODS>
          <PHONE
            type = "Business"
            number = "714-111-1111"
          />
          <EMAIL
            address = ""
          />
        </CONTACTMETHODS>
      </CONTACT>
      <CONTACT
        type = "Claimant"
        name = ""
        qcode = ""
        birthDate = ""
        reference = ""
        language = ""
        title = ""
      >
        <ADDRESSES/>
        <CONTACTMETHODS>
          <EMAIL
            address = ""
          />
        </CONTACTMETHODS>
      </CONTACT>
    </CONTACTS>
    <PROJECT_INFO
      assignmentCode = "WEB"
      name = "JGHHJVHNB__VIMONRET"
      version = "16"
      profile = "76"
      xactnetAddress = "ACSC-NON-IRP.HOME.WEB"
      created = "2020-05-19T17:56:22Z"
      userId = "TORRES.P"
      status = "Completed"
      showIADeskAdjuster = "1"
      showDeskAdjuster = "1"
    >
      <NOTES><![CDATA[From: ACE - Staff

ASSIGNMENT PROFILE:
Type: Emergency
Claim Rep: 
Date of Loss: 04/16/2020
Claim Number: 003103458-8-WF
Insured Name: JGHHJVHNB, VIMONRET
Day Phone: (610) 400-9052
Evening Phone: (610) 440-6762

Type of Loss: Vandalism
Job Type: Emergency
Location of Property: 8638 MORY ST, DOWNEY, CA 90242-2649

Instructions:

Years of Membership: 023

2386 Amendatory Endorsement
HO400R Broad Named Perils
438BFU Mortgagee Endorsement
HO48R Additional Limits On Other Structures
HO216R Fire Protection System
HO160R Building Ordinance Or Law
HO280R Extended Replacement Cost
Other Perils Deductible: 500
Water Deductible: 500
Policy Type: RDP
Square Footage: 1281
Year of Construction: 1950

Roof Year 2005
Roof Type Composition
123


Assignment Received by XactAnalysis:  04/27/2020 01:57PM MT
(XactAnalysis ID: 006YM4R)
]]></NOTES>
    </PROJECT_INFO>
    <ADM
      dateOfLoss = "2020-04-16T00:00:01"
      dateInspected = "2020-05-19T00:00:00"
      dateReceived = "2020-04-23T00:00:01"
      dateEntered = "2020-05-19T17:56:22Z"
      dateProjCompleted = "2020-05-19T17:58:41Z"
      dateContacted = "2020-05-18T00:00:00"
      agentCode = ""
      fileNumber = "003103458-8-W"
      denial = "Covered Loss"
    >
      <COVERAGE_LOSS
        claimNumber = "003103458-8-WF"
        policyNumber = "CHO084200015"
        catastrophe = ""
        policyStart = "2019-10-12"
        policyEnd = "2020-10-12"
        dateInitCov = "2011-10-12"
      >
        <TOL
          code = "VANDALISM"
          desc = "Vandalism"
        />
        <COVERAGES
          lossOfUseReserve = "0"
          lossOfUse = "0"
          doNotApplyLimits = "0"
        >
          <COVERAGE
            covName = "Dwelling"
            id = "COV1"
            covType = "0"
            policyLimit = "278000"
            deductible = "0"
            applyTo = "0"
            coins = "0"
            reserveAmt = "0"
          >
            <LOSS_DATA
              deductApplied = "0"
              overLimits = "0"
            />
          </COVERAGE>
          <COVERAGE
            covName = "Extended Replacement Cost (HO280)"
            id = "COV4"
            covType = "0"
            policyLimit = "69500"
            deductible = "0"
            applyTo = "0"
            coins = "0"
            reserveAmt = "0"
          >
            <LOSS_DATA
              deductApplied = "0"
              overLimits = "0"
            />
          </COVERAGE>
          <COVERAGE
            covName = "Building Ordinance/Law (Endorsed)"
            id = "COV7"
            covType = "0"
            policyLimit = "27800"
            deductible = "0"
            applyTo = "0"
            coins = "0"
            reserveAmt = "0"
          >
            <LOSS_DATA
              deductApplied = "0"
              overLimits = "0"
            />
          </COVERAGE>
          <COVERAGE
            covName = "Other Structures"
            id = "COV20"
            covType = "0"
            policyLimit = "27800"
            deductible = "0"
            applyTo = "0"
            coins = "0"
            reserveAmt = "0"
          >
            <LOSS_DATA
              deductApplied = "0"
              overLimits = "0"
            />
          </COVERAGE>
          <COVERAGE
            covName = "Add&#39;l Limits Other Structures (Endorsed)"
            id = "COV21"
            covType = "0"
            policyLimit = "16000"
            deductible = "0"
            applyTo = "0"
            coins = "0"
            reserveAmt = "0"
          >
            <LOSS_DATA
              deductApplied = "0"
              overLimits = "0"
            />
          </COVERAGE>
          <COVERAGE
            covName = "Landlord&#39;s Furnishings"
            id = "COV39"
            covType = "0"
            policyLimit = "5000"
            deductible = "0"
            applyTo = "0"
            coins = "0"
            reserveAmt = "0"
          >
            <LOSS_DATA
              deductApplied = "0"
              overLimits = "0"
            />
          </COVERAGE>
          <COVERAGE
            covName = "Loss of Rental Income"
            id = "COV81"
            covType = "0"
            policyLimit = "55600"
            deductible = "0"
            applyTo = "0"
            coins = "0"
            reserveAmt = "0"
          >
            <LOSS_DATA
              deductApplied = "0"
              overLimits = "0"
            />
          </COVERAGE>
        </COVERAGES>
      </COVERAGE_LOSS>
    </ADM>
    <CLAIM_INFO>
      <ADMIN_INFO
        branch = ""
      />
    </CLAIM_INFO>
    <PARAMS
      priceList = "CALA8X_APR20"
      taxJurisdiction = "10%"
      checkpointPL = "CALA8X_APR20"
      overhead = "0"
      profit = "0"
      cumulativeOP = "0"
      plModifiedDateTime = "2020-03-31T18:00:00"
      defaultRepairedBy = "Contractor"
      depMat = "1"
      maxDepr = "100"
    />
    <EMBEDDED_PL>
      <MINIMUMS>
        <MINIMUM
          id = "MIN1"
          desc = "Cabinetry labor minimum"
          amount = "204.01"
          cat = "CAB"
          sel = "MN-A"
        />
      </MINIMUMS>
    </EMBEDDED_PL>
  </XACTDOC>