<?xml version='1.0' encoding='UTF-8' ?><GENERIC_ROUGHDRAFT xmlns="http://xactware.com/generic_roughdraft.xsd" majorVersion="28" minorVersion="0" transactionId="007B187"><HEADER compName="TEST " dateCreated="2020-09-23T09:31:11"><COMP_INFO><![CDATA[Test\09]]></COMP_INFO></HEADER><COVERSHEET><ESTIMATE_INFO estimateName="SALIERI__ROUSLAN_&amp;_S" insuredName="SALIERI, ROUSLAN &amp; SALIERI, KUANG CHI" priceList="MEPO8X_SEP20" laborEff="Restoration/Service/Remodel" claimNumber="003121504-8-W" policyNumber="MEH114800014" typeOfLoss="Other" deprMat="1" onsite="1" printOnsite="1" estimatedOnsite="1" recipientsXNAddress="TEST.XNA.GL" rotationTrade="General" carrierId="1860800" estimateType="Structural"/><ADDRESSES><ADDRESS type="Property" street="119 SOUTH ST" city="BIDDEFORD" state="ME" zip="04005-2311" primary="1"/><ADDRESS type="Home" street="119 SOUTH ST" city="BIDDEFORD" state="ME" zip="04005-2311"/></ADDRESSES><PHONES><PHONE type="Home" primary="1" phone="503-820-4910"/><PHONE type="Business" phone="503-777-7777"/></PHONES><CONTACTS><CONTACT type="ClaimRep" name="Gabe"/><CONTACT type="Estimator" name="Gabe"/></CONTACTS><DATES loss="2020-09-01" inspected="2020-09-23T04:00:00Z" completed="2020-09-23T13:31:10Z" received="2020-09-23" entered="2020-09-23T13:37:10Z" contacted="2020-09-23T04:00:00Z"/><OPENING_STATEMENT><![CDATA[TEST STATEMENT 003121504-8-W\0A]]></OPENING_STATEMENT></COVERSHEET><COVERAGES><COVERAGE deductible="1000" coverageName="Dwelling" coverageType="0" id="1"><SUMMARY><TOTALS lineItemTotal="8076" subtotal="8340.88" rcv="8340.88" nonRecDepr="3612" depr="3612" acv="4728.88" deductible="1000" fullDeduct="1000" netClaim="3728.88"><SALES_TAXES><SALES_TAX desc="Material Sales Tax" amount="264.88" taxOP="OPonTax"/></SALES_TAXES><SIGNATURE estimator="Gabe"/></TOTALS></SUMMARY></COVERAGE><COVERAGE coverageName="Locks" coverageType="0" id="15"/><COVERAGE coverageName="Other Structures" coverageType="0" id="20"/><COVERAGE coverageName="Personal Property" coverageType="0" id="30"/><COVERAGE coverageName="Personal Property Off Premises" coverageType="0" id="60"/><COVERAGE coverageName="Loss of Use" coverageType="0" id="80"/></COVERAGES><RECAP_TAX_OP><TAXES><TAX_DETAIL taxNum="1" rate="5.5" desc="Material Sales Tax" amount="264.88"/><TAX_DETAIL taxNum="2" rate="5.5" desc="Manuf. Home Tax"/></TAXES><LINE_ITEMS><TAXES><TAX_AMOUNT taxNum="1" amount="264.88"/></TAXES></LINE_ITEMS></RECAP_TAX_OP><LINE_ITEM_DETAIL homeownerTotal="1584.88" contractorTotal="3728.88" total="8076"><GROUP desc="SALIERI__ROUSLAN_&amp;_S" total="8076" acvTotal="4728.88" rcvTotal="8340.88" tax="264.88"><ITEMS total="8076"><ITEM type="I" lineNum="1" cat="FEN" sel="BW&gt;" act="&amp;" actPrefix="R&amp;R" desc="Basket weave fence - 4&apos; to 6&apos; high" calc="200" qty="200" unit="LF" coverageName="Dwelling" remove="5.58" replace="34.8" total="8076" acv="4464" deprType="2" age="10" lifeExp="12" depr="3612" tax="264.88" acvTotal="4728.88" deprTotal="3612" rcvTotal="8340.88" isPartOfInitSettle="1" laborTotal="3260" laborBase="1116" laborBurden="608" laborMarkup="1536" laborHours="25" material="4816" containsBSCDontApply="1"><ITEM_ACTS><ITEM_ACT act="-" labUnit="5.58" acvTotal="5.58" rcvTotal="5.58" trade="DMO"/><ITEM_ACT act="+" labUnit="10.72" matUnit="24.08" tax="1.32" acvTotal="18.06" deprTotal="18.06" rcvTotal="36.12" trade="FEN"/></ITEM_ACTS></ITEM></ITEMS></GROUP><COV_BREAKDOWN total="8076" grandTotal="4728.88"><COV_AMOUNTS desc="Dwelling" total="8076" totalPct="100" grandTotal="4728.88" grandTotalPct="100"/><COV_AMOUNTS desc="Locks"/><COV_AMOUNTS desc="Other Structures"/><COV_AMOUNTS desc="Personal Property"/><COV_AMOUNTS desc="Personal Property Off Premises"/><COV_AMOUNTS desc="Loss of Use"/></COV_BREAKDOWN></LINE_ITEM_DETAIL><RECAP_BY_ROOM total="8076"><RECAP_GROUP desc="SALIERI__ROUSLAN_&amp;_S" items="8076" itemsPercentage="100"><ITEMS_COV_INFO><COV name="Dwelling" rate="100" amount="8076"/></ITEMS_COV_INFO></RECAP_GROUP></RECAP_BY_ROOM><RECAP_BY_CATEGORY subtotalRCV="8340.88" subtotalDeprec="3612" subtotalACV="4728.88"><OP_ITEMS subtotalRCV="8076" subtotalDeprec="3612" subtotalACV="4464"><CATEGORY desc="GENERAL DEMOLITION" rcv="1116" acv="1116"/><CATEGORY desc="FENCING" rcv="6960" deprec="3612" acv="3348"/></OP_ITEMS><SALES_TAXES><SALES_TAX desc="Material Sales Tax" rcv="264.88" acv="264.88"/></SALES_TAXES></RECAP_BY_CATEGORY></GENERIC_ROUGHDRAFT>