<?xml version='1.0' encoding='UTF-8' ?>
  <XACTDOC>
    <XACTNET_INFO
      assignmentType = "1"
      transactionId = "007B187"
      carrierId = "1860800"
      senderId = "1200000"
      recipientsXNAddress = "TEST.XNA.GL"
      recipientsXM8UserId = "LANCAST1"
      sendersXNAddress = "ACSC.HOME.WEB"
      carrierAttribute2 = "ClaimsPortalACSC"
      carrierOffice1 = "Maine"
      carrierOffice2 = "Maine"
      carrierOffice3 = "YORK"
      sendersOfficeDescription1 = "Maine"
      sendersOfficeDescription2 = "Maine"
      sendersOfficeDescription3 = "YORK"
      recipientsId = "E657025"
      rotationTrade = "General"
      jobSizeCode = "2"
      emergency = "0"
      transactionType = "EST,ASG"
      estimateCount = "1"
      carrierName = "ACE - Staff"
      mitigation = "0"
      profileCode = "76"
    >
      <CONTROL_POINTS
        testAssignment = "0"
      />
      <ATTACHMENTS>
        <ATT_FILE
          fileName = "GENERIC_ROUGHDRAFT.XML"
          fileDesc = "Rough Draft XML"
          fileDate = "2020-09-23T08:37:44"
          fileType = "XML"
        />
        <ATT_FILE
          fileName = "ESTIMATE_AUDIT_REPORT.PDF"
          fileDesc = "ESTIMATE AUDIT REPORT"
          fileDate = "2020-09-23T08:37:44"
          fileType = "PDF"
        />
        <ATT_FILE
          fileName = "Report_Rough_Draft.PDF"
          fileDesc = "Report Rough Draft"
          fileDate = "2020-09-23T08:37:44"
          fileType = "PDF"
        />
        <ATT_FILE
          fileName = "FINAL_DRAFT_WITH_AGE_LIFE_AND_CONDITION_Report.PDF"
          fileDesc = "FINAL DRAFT WITH AGE LIFE AND CONDITION Report"
          fileDate = "2020-09-23T08:37:44"
          fileType = "PDF"
        />
        <ATT_FILE
          fileName = "VARIATION_REPORT.PDF"
          fileDesc = "VARIATION REPORT"
          fileDate = "2020-09-23T08:37:44"
          fileType = "PDF"
        />
        <ATT_FILE
          fileName = "FINAL_DRAFT_BY_COVERAGE_TYPE_Report.PDF"
          fileDesc = "FINAL DRAFT BY COVERAGE TYPE Report"
          fileDate = "2020-09-23T08:37:44"
          fileType = "PDF"
        />
        <ATT_FILE
          fileName = "XACTDOC.XML"
          fileDesc = "Stndard Carrier Export XML"
          fileDate = "2020-09-23T08:37:44"
          fileType = "XML"
        />
      </ATTACHMENTS>
      <SUMMARY
        homeOwnerItems = "0.00"
        contractorItems = "8340.88"
        estimateLineItemTotal = "8076.00"
        minimumChargeAdjustments = "0.00"
        overhead = "0.00"
        profit = "0.00"
        salesTax = "264.88"
        grossEstimate = "8340.88"
        recoverableDepreciation = "0.00"
        nonRecoverableDepreciation = "3612.00"
        netEstimate = "3728.88"
        priceListLineItemTotal = "8076.00"
        deductible = "1000.00"
      />
    </XACTNET_INFO>
    <CONTACTS>
      <CONTACT
        type = "Client"
        name = "SALIERI, ROUSLAN &#38; SALIERI, KUANG CHI"
        qcode = ""
        mortgageHolder = "P&#38;C BANK"
        birthDate = ""
        reference = ""
        language = ""
        title = ""
      >
        <ADDRESSES>
          <ADDRESS
            type = "Home"
            street = "119 SOUTH ST"
            city = "BIDDEFORD"
            state = "ME"
            postal = "04005-2311"
            country = "US"
          />
          <ADDRESS
            type = "Property"
            street = "119 SOUTH ST"
            city = "BIDDEFORD"
            state = "ME"
            postal = "04005-2311"
            country = "US"
            lat = "43.4925"
            lon = "-70.4642"
          />
        </ADDRESSES>
        <CONTACTMETHODS>
          <PHONE
            type = "Business"
            number = "503-777-7777"
          />
          <PHONE
            type = "Home"
            number = "503-820-4910"
          />
          <EMAIL
            address = ""
          />
        </CONTACTMETHODS>
      </CONTACT>
      <CONTACT
        type = "Estimator"
        name = "Gabe"
        qcode = "GABE"
        birthDate = ""
        reference = ""
        language = ""
        position = ""
        title = ""
      >
        <ADDRESSES/>
        <CONTACTMETHODS>
          <EMAIL
            address = ""
          />
        </CONTACTMETHODS>
      </CONTACT>
      <CONTACT
        type = "ClaimRep"
        name = "Gabe"
        qcode = "GABE"
        birthDate = ""
        reference = ""
        language = ""
        title = ""
      >
        <ADDRESSES/>
        <CONTACTMETHODS>
          <EMAIL
            address = ""
          />
        </CONTACTMETHODS>
      </CONTACT>
      <CONTACT
        type = "Claimant"
        name = ""
        qcode = ""
        birthDate = ""
        reference = ""
        language = ""
        title = ""
      >
        <ADDRESSES/>
        <CONTACTMETHODS>
          <EMAIL
            address = ""
          />
        </CONTACTMETHODS>
      </CONTACT>
    </CONTACTS>
    <PROJECT_INFO
      assignmentCode = "003121504-8-"
      name = "SALIERI__ROUSLAN_&#38;_S"
      version = "16"
      profile = "76"
      xactnetAddress = "ACSC.HOME.WEB"
      created = "2020-09-23T13:37:10Z"
      userId = "LANCAST1"
      status = "Completed"
      showIADeskAdjuster = "1"
      showDeskAdjuster = "1"
    >
      <NOTES><![CDATA[From: ACE - Staff

ASSIGNMENT PROFILE:
Type: Normal
Claim Rep: 
Date of Loss: 09/01/2020
Claim Number: 003121504-8-W
Insured Name: SALIERI, ROUSLAN & SALIERI, KUANG CHI
Day Phone: (503) 777-7777
Evening Phone: (503) 820-4910

Type of Loss: Other
Job Type: General
Location of Property: 119 SOUTH ST, BIDDEFORD, ME 04005-2311

Instructions:

Years of Membership: 019

HO401 Maine Homeowners Deluxe Package
2478 Amendatory Endorsement
HO30 Functional Replacement Cost Loss Settlement
438BFU Mortgagee Endorsement
Risk Deductible: 1000
Policy Type: HOB
Square Footage: 2600
Year of Construction: 1896

Roof Year 2000
Roof Type Composition Shingles
123


Assignment Received by XactAnalysis:  09/23/2020 07:19AM MT
(XactAnalysis ID: 007B187)
]]></NOTES>
    </PROJECT_INFO>
    <ADM
      dateOfLoss = "2020-09-01T00:00:01"
      dateInspected = "2020-09-22T22:00:00"
      dateReceived = "2020-09-23T00:00:01"
      dateEntered = "2020-09-23T13:37:10Z"
      dateProjCompleted = "2020-09-23T13:31:10Z"
      dateContacted = "2020-09-22T22:00:00"
      agentCode = ""
      fileNumber = "003121504-8-W"
      onsite = "1"
      estimatedOnsite = "1"
      printOnsite = "1"
      denial = "Covered Loss"
    >
      <COVERAGE_LOSS
        claimNumber = "003121504-8-W"
        policyNumber = "MEH114800014"
        catastrophe = ""
        policyStart = "2019-11-30"
        policyEnd = "2020-11-30"
        dateInitCov = "2015-11-30"
        dedApplyAcrossAllUI = "1"
      >
        <TOL
          code = "OTHER"
          desc = "Other"
        />
        <COVERAGES
          lossOfUseReserve = "0"
          lossOfUse = "0"
          doNotApplyLimits = "0"
        >
          <COVERAGE
            covName = "Dwelling"
            id = "COV1"
            covType = "0"
            policyLimit = "367000"
            deductible = "1000"
            applyTo = "0"
            coins = "0"
            reserveAmt = "0"
          >
            <LOSS_DATA
              deductApplied = "0"
              overLimits = "0"
            />
          </COVERAGE>
          <COVERAGE
            covName = "Locks"
            id = "COV15"
            covType = "0"
            policyLimit = "250"
            deductible = "0"
            applyTo = "0"
            coins = "0"
            reserveAmt = "0"
            sharedDeductibleRefID = "1"
          >
            <LOSS_DATA
              deductApplied = "0"
              overLimits = "0"
            />
          </COVERAGE>
          <COVERAGE
            covName = "Other Structures"
            id = "COV20"
            covType = "0"
            policyLimit = "36700"
            deductible = "0"
            applyTo = "0"
            coins = "0"
            reserveAmt = "0"
            sharedDeductibleRefID = "1"
          >
            <LOSS_DATA
              deductApplied = "0"
              overLimits = "0"
            />
          </COVERAGE>
          <COVERAGE
            covName = "Personal Property"
            id = "COV30"
            covType = "0"
            policyLimit = "220200"
            deductible = "0"
            applyTo = "0"
            coins = "0"
            reserveAmt = "0"
            sharedDeductibleRefID = "1"
          >
            <LOSS_DATA
              deductApplied = "0"
              overLimits = "0"
            />
          </COVERAGE>
          <COVERAGE
            covName = "Personal Property Off Premises"
            id = "COV60"
            covType = "0"
            policyLimit = "22020"
            deductible = "0"
            applyTo = "0"
            coins = "0"
            reserveAmt = "0"
            sharedDeductibleRefID = "1"
          >
            <LOSS_DATA
              deductApplied = "0"
              overLimits = "0"
            />
          </COVERAGE>
          <COVERAGE
            covName = "Loss of Use"
            id = "COV80"
            covType = "0"
            policyLimit = "55050"
            deductible = "0"
            applyTo = "0"
            coins = "0"
            reserveAmt = "0"
            sharedDeductibleRefID = "1"
          >
            <LOSS_DATA
              deductApplied = "0"
              overLimits = "0"
            />
          </COVERAGE>
        </COVERAGES>
      </COVERAGE_LOSS>
    </ADM>
    <CLAIM_INFO>
      <ADMIN_INFO
        branch = ""
      />
    </CLAIM_INFO>
    <PARAMS
      priceList = "MEPO8X_SEP20"
      taxJurisdiction = "5.5%"
      checkpointPL = "MEPO8X_SEP20"
      overhead = "0"
      profit = "0"
      cumulativeOP = "0"
      defaultRepairedBy = "Contractor"
      depMat = "1"
      maxDepr = "75"
    />
    <EMBEDDED_PL>
      <MINIMUMS>
        <MINIMUM
          id = "MIN1"
          desc = "Fencing labor minimum"
          amount = "140.63"
          cat = "FEN"
          sel = "MN-A"
        />
      </MINIMUMS>
    </EMBEDDED_PL>
  </XACTDOC>