<?xml version='1.0' encoding='UTF-8' ?><GENERIC_ROUGHDRAFT xmlns="http://xactware.com/generic_roughdraft.xsd" majorVersion="28" minorVersion="0" transactionId="00731N2"><HEADER dateCreated="2020-06-22T09:28:03"/><COVERSHEET><ESTIMATE_INFO estimateName="PELLICCIONE__SUGIRTH" insuredName="PELLICCIONE, SUGIRTHARAJ &amp; PELLICCIONE, SOURENE" priceList="CALA8X_JUN20" laborEff="Restoration/Service/Remodel" claimNumber="003112315-8-W" policyNumber="CHO012200018" typeOfLoss="Ice/Snow" recipientsXNAddress="ACSC.TEST.PT" rotationTrade="General" carrierId="1860800" estimateType="Structural"/><ADDRESSES><ADDRESS type="Property" street="1523 ELTON AVE" city="LOS ANGELES" state="CA" zip="90022-4204" primary="1"/><ADDRESS type="Home" street="1523 ELTON AVE" city="LOS ANGELES" state="CA" zip="90022-4204"/></ADDRESSES><PHONES><PHONE type="Home" primary="1" phone="846-242-2579"/></PHONES><CONTACTS><CONTACT type="ClaimRep" name="Paola Torres" title="EP" company="AAA"><PHONES><PHONE primary="1" type="Business" phone="714-111-1111"/></PHONES></CONTACT><CONTACT type="Estimator" name="Paola Torres" title="EP" company="AAA"><PHONES><PHONE primary="1" type="Business" phone="714-111-1111"/></PHONES></CONTACT></CONTACTS><DATES loss="2020-04-26" inspected="2020-06-22" completed="2020-06-22T16:28:00Z" received="2020-06-22" entered="2020-06-22T16:26:14Z" contacted="2020-06-22T16:26:00Z"/></COVERSHEET><COVERAGES><COVERAGE coverageName="Dwelling" coverageType="0" id="1"><SUMMARY><TOTALS lineItemTotal="206.45" subtotal="206.45" rcv="206.45" acv="206.45" netClaim="206.45"><SIGNATURE estimator="Paola Torres" estimatorTitle="EP"/></TOTALS></SUMMARY></COVERAGE><COVERAGE coverageName="Extended Replacement Cost (HO280)" coverageType="0" id="4"/><COVERAGE coverageName="Other Structures" coverageType="0" id="20"/><COVERAGE coverageName="Personal Property" coverageType="0" id="30"/><COVERAGE coverageName="Personal Property Off Premises" coverageType="0" id="60"/><COVERAGE coverageName="Loss of Use" coverageType="0" id="80"/></COVERAGES><RECAP_TAX_OP><TAXES><TAX_DETAIL taxNum="1" rate="9.5" desc="Material Sales Tax"/><TAX_DETAIL taxNum="2" rate="9.5" desc="Storage Rental Tax"/></TAXES></RECAP_TAX_OP><LINE_ITEM_DETAIL total="206.45"><GROUP desc="PELLICCIONE__SUGIRTH" total="206.45" acvTotal="206.45" rcvTotal="206.45"><ITEMS total="206.45"><ITEM type="I" lineNum="1" cat="AWN" sel="MN" act="+" desc="Awning - Labor Minimum" calc="1" qty="1" unit="EA" coverageName="Dwelling" replace="206.45" total="206.45" acv="206.45" recoverable="1" acvTotal="206.45" rcvTotal="206.45" isPartOfInitSettle="1" laborTotal="206.45" laborBase="64.3" laborBurden="32" laborMarkup="110.15" laborHours="2.5" containsBSCDontApply="1"><ITEM_ACTS><ITEM_ACT act="+" labUnit="206.45" trade="SDG"/></ITEM_ACTS></ITEM></ITEMS></GROUP><COV_BREAKDOWN total="206.45" grandTotal="206.45"><COV_AMOUNTS desc="Dwelling" total="206.45" totalPct="100" grandTotal="206.45" grandTotalPct="100"/><COV_AMOUNTS desc="Extended Replacement Cost (HO280)"/><COV_AMOUNTS desc="Other Structures"/><COV_AMOUNTS desc="Personal Property"/><COV_AMOUNTS desc="Personal Property Off Premises"/><COV_AMOUNTS desc="Loss of Use"/></COV_BREAKDOWN></LINE_ITEM_DETAIL><RECAP_BY_ROOM total="206.45"><RECAP_GROUP desc="PELLICCIONE__SUGIRTH" items="206.45" itemsPercentage="100"><ITEMS_COV_INFO><COV name="Dwelling" rate="100" amount="206.45"/></ITEMS_COV_INFO></RECAP_GROUP></RECAP_BY_ROOM><RECAP_BY_CATEGORY subtotalRCV="206.45"><OP_ITEMS subtotalRCV="206.45" subtotalPercentage="100"><CATEGORY desc="AWNINGS &amp; PATIO COVERS" rcv="206.45" percentage="100"/></OP_ITEMS></RECAP_BY_CATEGORY></GENERIC_ROUGHDRAFT>