<?xml version='1.0' encoding='UTF-8' ?><GENERIC_ROUGHDRAFT xmlns="http://xactware.com/generic_roughdraft.xsd" majorVersion="28" minorVersion="0" transactionId="007C687"><HEADER dateCreated="2020-10-15T11:34:41"/><COVERSHEET><ESTIMATE_INFO estimateName="KENTUCKY__JIM" insuredName="KENTUCKY, JIM" priceList="KYLO8X_OCT20" laborEff="Restoration/Service/Remodel" claimNumber="003123107-8-W" policyNumber="KYH000041208" typeOfLoss="Ice/Snow" deprMat="1" recipientsXNAddress="ACSC.TEST.PT" rotationTrade="General" carrierId="1860800" estimateType="Structural"/><ADDRESSES><ADDRESS type="Property" street="555 MAIN" city="LOUISVILLE" state="KY" zip="40202" primary="1"/><ADDRESS type="Home" street="555 MAIN" city="LOUISVILLE" state="KY" zip="40202"/></ADDRESSES><PHONES><PHONE type="Home" primary="1" phone="714-666-9999"/></PHONES><CONTACTS><CONTACT type="ClaimRep" name="Paola Torres" title="EP" company="AAA"><PHONES><PHONE primary="1" type="Business" phone="714-111-1111"/></PHONES></CONTACT><CONTACT type="Estimator" name="Paola Torres" title="EP" company="AAA"><PHONES><PHONE primary="1" type="Business" phone="714-111-1111"/></PHONES></CONTACT></CONTACTS><DATES loss="2020-10-12" inspected="2020-10-15" completed="2020-10-15T15:34:38Z" received="2020-10-13" entered="2020-10-15T15:21:48Z" contacted="2020-10-15T15:22:00Z"/></COVERSHEET><COVERAGES><COVERAGE coverageName="Dwelling" coverageType="0" id="1"><SUMMARY><TOTALS lineItemTotal="6681.66" subtotal="6926.82" rcv="7010.66" recDepr="1138.56" depr="1138.56" acv="5872.1" netClaim="5872.1" actualRecDepr="1138.56" netClaimIfRec="7010.66"><SALES_TAXES><SALES_TAX desc="Material Sales Tax" amount="245.16" taxOP="OPonTax"/><SALES_TAX desc="Total Tax" amount="83.84" taxOP="TaxonOP"/></SALES_TAXES><SIGNATURE estimator="Paola Torres" estimatorTitle="EP"/></TOTALS></SUMMARY></COVERAGE><COVERAGE coverageName="Other Structures" coverageType="0" id="20"/><COVERAGE coverageName="Personal Property" coverageType="0" id="30"/><COVERAGE coverageName="Loss of Use" coverageType="0" id="80"/></COVERAGES><RECAP_TAX_OP><TAXES><TAX_DETAIL taxNum="1" rate="6" desc="Material Sales Tax" amount="245.16"/><TAX_DETAIL taxNum="2" rate="6" desc="Total Tax" amount="83.84"/><TAX_DETAIL taxNum="3" rate="6" desc="Mat. Tax on Struct."/></TAXES><LINE_ITEMS><TAXES><TAX_AMOUNT taxNum="1" amount="245.16"/><TAX_AMOUNT taxNum="2" amount="83.84"/></TAXES></LINE_ITEMS></RECAP_TAX_OP><LINE_ITEM_DETAIL total="6681.66"><GROUP desc="KENTUCKY__JIM" total="6681.66" acvTotal="5872.1" rcvTotal="7010.66" tax="329"><ITEMS total="6552.24"><ITEM type="I" lineNum="1" cat="CAB" sel="BARGB" act="&amp;" actPrefix="R&amp;R" desc="Bar with granite top - Commercial" calc="10" qty="10" unit="LF" coverageName="Dwelling" remove="8.19" replace="505.22" total="5134.1" acv="4398.62" deprType="2" recoverable="1" age="9" lifeExp="50" depr="735.48" tax="245.16" acvTotal="4643.78" deprTotal="735.48" rcvTotal="5379.26" isPartOfInitSettle="1" laborTotal="1048.1" laborBase="414.9" laborBurden="225.6" laborMarkup="407.6" laborHours="1.82" material="4086" containsBSCDontApply="1"><ITEM_ACTS><ITEM_ACT act="-" labUnit="8.19" acvTotal="8.19" rcvTotal="8.19" trade="DMO"/><ITEM_ACT act="+" labUnit="96.62" matUnit="408.6" tax="24.52" acvTotal="456.19" deprTotal="73.55" rcvTotal="529.74" trade="CARP-FNC"/></ITEM_ACTS></ITEM><ITEM type="I" lineNum="3" cat="APP" sel="CT+++" act="&amp;" actPrefix="R&amp;R" desc="Cooktop - electric - Deluxe grade" calc="1" qty="1" unit="EA" coverageName="Dwelling" remove="20.77" replace="1397.37" total="1418.14" acv="1015.06" deprType="2" recoverable="1" age="4" lifeExp="13" depr="403.08" tax="83.84" acvTotal="1098.9" deprTotal="403.08" rcvTotal="1501.98" isPartOfInitSettle="1" laborTotal="108.14" laborBase="34.03" laborBurden="17.55" laborMarkup="56.56" laborHours="0.46" material="1310" containsBSCDontApply="1"><ITEM_ACTS><ITEM_ACT act="-" labUnit="20.77" acvTotal="20.77" rcvTotal="20.77" trade="DMO"/><ITEM_ACT act="+" labUnit="87.37" matUnit="1310" tax="83.84" acvTotal="1078.13" deprTotal="403.08" rcvTotal="1481.21" trade="ELE"/></ITEM_ACTS></ITEM></ITEMS><GROUPS><GROUP desc="Labor Minimums Applied" total="129.42" acvTotal="129.42" rcvTotal="129.42"><ITEMS total="129.42"><ITEM type="I" lineNum="4" cat="ELE" sel="MN-A" act="+" desc="Electrical labor minimum" calc="1" qty="1" unit="EA" coverageName="Dwelling" replace="129.42" total="129.42" acv="129.42" recoverable="1" acvTotal="129.42" rcvTotal="129.42" isPartOfInitSettle="0" laborTotal="129.42" laborBase="129.42"><ITEM_ACTS><ITEM_ACT act="+" labUnit="129.42"/></ITEM_ACTS></ITEM></ITEMS></GROUP></GROUPS><AREA_DIM_VARS sfWalls="1094.67" sfCeiling="677" sfWallsCeiling="1771.67" sfFloor="677" syFloor="75.22" lfFloorPerim="136.83" lfCeilingPerim="136.83" sfSkFloor="677" sfSkTotalFloor="723.06" sfSkIntWall="1094.67" sfSkExtWall="1255.5" lfSkExtWallPerim="139.5"/></GROUP><COV_BREAKDOWN total="6681.66" grandTotal="5872.1"><COV_AMOUNTS desc="Dwelling" total="6681.66" totalPct="100" grandTotal="5872.1" grandTotalPct="100"/><COV_AMOUNTS desc="Other Structures"/><COV_AMOUNTS desc="Personal Property"/><COV_AMOUNTS desc="Loss of Use"/></COV_BREAKDOWN></LINE_ITEM_DETAIL><RECAP_BY_ROOM total="6681.66"><RECAP_GROUP desc="KENTUCKY__JIM" items="6552.24" itemsPercentage="98.06" subtotal="6681.66" subtotalPercentage="100"><ITEMS_COV_INFO><COV name="Dwelling" rate="100" amount="6552.24"/></ITEMS_COV_INFO><RECAP_GROUPS><RECAP_GROUP desc="Labor Minimums Applied" items="129.42" itemsPercentage="1.94"><ITEMS_COV_INFO><COV name="Dwelling" rate="100" amount="129.42"/></ITEMS_COV_INFO></RECAP_GROUP></RECAP_GROUPS><SUBTOTAL_COV_INFO><COV name="Dwelling" rate="100" amount="6681.66"/></SUBTOTAL_COV_INFO></RECAP_GROUP></RECAP_BY_ROOM><RECAP_BY_CATEGORY subtotalRCV="7010.66" subtotalDeprec="1138.56" subtotalACV="5872.1"><OP_ITEMS subtotalRCV="6681.66" subtotalDeprec="1138.56" subtotalACV="5543.1"><CATEGORY desc="GENERAL DEMOLITION" rcv="102.67" acv="102.67"/><CATEGORY desc="APPLIANCES" rcv="1397.37" deprec="403.08" acv="994.29"/><CATEGORY desc="CABINETRY" rcv="5052.2" deprec="735.48" acv="4316.72"/><CATEGORY desc="ELECTRICAL" rcv="129.42" acv="129.42"/></OP_ITEMS><SALES_TAXES><SALES_TAX desc="Material Sales Tax" rcv="245.16" acv="245.16"/><SALES_TAX desc="Total Tax" rcv="83.84" acv="83.84"/></SALES_TAXES></RECAP_BY_CATEGORY></GENERIC_ROUGHDRAFT>