<?xml version='1.0' encoding='UTF-8' ?>
  <XACTDOC>
    <XACTNET_INFO
      assignmentType = "1"
      transactionId = "007C687"
      carrierId = "1860800"
      senderId = "1200000"
      recipientsXNAddress = "ACSC.TEST.PT"
      recipientsXM8UserId = "TORRES.P"
      sendersXNAddress = "ACSC-NON-IRP.HOME.WEB"
      carrierAttribute2 = "ClaimsPortalACSC"
      recipientsId = "FIELD_Q"
      rotationTrade = "General"
      jobSizeCode = "2"
      emergency = "0"
      transactionType = "EST,ASG"
      estimateCount = "1"
      carrierName = "ACE - Staff"
      mitigation = "0"
      profileCode = "76"
    >
      <CONTROL_POINTS
        testAssignment = "0"
      />
      <ATTACHMENTS>
        <ATT_FILE
          fileName = "GENERIC_ROUGHDRAFT.XML"
          fileDesc = "Rough Draft XML"
          fileDate = "2020-10-15T12:35:17"
          fileType = "XML"
        />
        <ATT_FILE
          fileName = "VARIATION_REPORT.PDF"
          fileDesc = "VARIATION REPORT"
          fileDate = "2020-10-15T12:35:17"
          fileType = "PDF"
        />
        <ATT_FILE
          fileName = "Report_Rough_Draft.PDF"
          fileDesc = "Report Rough Draft"
          fileDate = "2020-10-15T12:35:17"
          fileType = "PDF"
        />
        <ATT_FILE
          fileName = "FINAL_DRAFT_WITH_AGE_LIFE_AND_CONDITION_Report.PDF"
          fileDesc = "FINAL DRAFT WITH AGE LIFE AND CONDITION Report"
          fileDate = "2020-10-15T12:35:17"
          fileType = "PDF"
        />
        <ATT_FILE
          fileName = "FINAL_DRAFT_BY_COVERAGE_TYPE_Report.PDF"
          fileDesc = "FINAL DRAFT BY COVERAGE TYPE Report"
          fileDate = "2020-10-15T12:35:17"
          fileType = "PDF"
        />
        <ATT_FILE
          fileName = "ESTIMATE_AUDIT_REPORT.PDF"
          fileDesc = "ESTIMATE AUDIT REPORT"
          fileDate = "2020-10-15T12:35:17"
          fileType = "PDF"
        />
        <ATT_FILE
          fileName = "Sketch_Summary.PDF"
          fileDesc = "Sketch Summary"
          fileDate = "2020-10-15T12:35:17"
          fileType = "PDF"
        />
        <ATT_FILE
          fileName = "XACTDOC.XML"
          fileDesc = "Stndard Carrier Export XML"
          fileDate = "2020-10-15T12:35:17"
          fileType = "XML"
        />
      </ATTACHMENTS>
      <SUMMARY
        homeOwnerItems = "0.00"
        contractorItems = "7010.66"
        estimateLineItemTotal = "6552.24"
        minimumChargeAdjustments = "129.42"
        overhead = "0.00"
        profit = "0.00"
        salesTax = "329.00"
        grossEstimate = "7010.66"
        recoverableDepreciation = "1138.56"
        nonRecoverableDepreciation = "0.00"
        netEstimate = "5872.10"
        priceListLineItemTotal = "6552.24"
        deductible = "0.00"
      />
    </XACTNET_INFO>
    <CONTACTS>
      <CONTACT
        type = "Client"
        name = "KENTUCKY, JIM"
        qcode = ""
        birthDate = ""
        reference = ""
        language = ""
        title = ""
      >
        <ADDRESSES>
          <ADDRESS
            type = "Home"
            street = "555 MAIN"
            city = "LOUISVILLE"
            state = "KY"
            postal = "40202"
            country = "US"
          />
          <ADDRESS
            type = "Property"
            street = "555 MAIN"
            city = "LOUISVILLE"
            state = "KY"
            postal = "40202"
            country = "US"
            lat = "38.252"
            lon = "-85.7531"
          />
        </ADDRESSES>
        <CONTACTMETHODS>
          <PHONE
            type = "Home"
            number = "714-666-9999"
          />
          <EMAIL
            address = ""
          />
        </CONTACTMETHODS>
      </CONTACT>
      <CONTACT
        type = "Estimator"
        name = "Paola Torres"
        qcode = "PAOLA"
        birthDate = ""
        reference = ""
        language = ""
        position = "EP"
        title = ""
      >
        <ADDRESSES/>
        <CONTACTMETHODS>
          <PHONE
            type = "Business"
            number = "714-111-1111"
          />
          <EMAIL
            address = ""
          />
        </CONTACTMETHODS>
      </CONTACT>
      <CONTACT
        type = "ClaimRep"
        name = "Paola Torres"
        qcode = "PAOLA"
        birthDate = ""
        reference = ""
        language = ""
        title = ""
      >
        <ADDRESSES/>
        <CONTACTMETHODS>
          <PHONE
            type = "Business"
            number = "714-111-1111"
          />
          <EMAIL
            address = ""
          />
        </CONTACTMETHODS>
      </CONTACT>
      <CONTACT
        type = "Claimant"
        name = ""
        qcode = ""
        birthDate = ""
        reference = ""
        language = ""
        title = ""
      >
        <ADDRESSES/>
        <CONTACTMETHODS>
          <EMAIL
            address = ""
          />
        </CONTACTMETHODS>
      </CONTACT>
    </CONTACTS>
    <PROJECT_INFO
      assignmentCode = "WEB"
      name = "KENTUCKY__JIM"
      version = "16"
      profile = "76"
      xactnetAddress = "ACSC-NON-IRP.HOME.WEB"
      created = "2020-10-15T18:21:48Z"
      userId = "TORRES.P"
      status = "Completed"
      showIADeskAdjuster = "1"
      showDeskAdjuster = "1"
    >
      <NOTES><![CDATA[From: ACE - Staff

ASSIGNMENT PROFILE:
Type: Normal
Claim Rep: 
Date of Loss: 10/12/2020
Claim Number: 003123107-8-W
Insured Name: KENTUCKY, JIM
Day Phone: (000) 000-0000
Evening Phone: (714) 666-9999

Type of Loss: Ice/Snow
Job Type: General
Location of Property: 555 MAIN, LOUISVILLE, KY 40202

Instructions:
Risk Deductible: 5000
Wind/Hail Deductible: 5000
Policy Type: HOB
Square Footage: 2000
Year of Construction: 2000

Roof Year 0
Roof Type Composition Shingles
test


Assignment Received by XactAnalysis:  10/13/2020 12:16PM MT
(XactAnalysis ID: 007C687)
]]></NOTES>
    </PROJECT_INFO>
    <ADM
      dateOfLoss = "2020-10-12T00:00:01"
      dateInspected = "2020-10-13T12:18:55"
      dateReceived = "2020-10-13T00:00:01"
      dateEntered = "2020-10-15T15:21:48Z"
      dateProjCompleted = "2020-10-15T15:34:38Z"
      dateContacted = "2020-10-13T12:18:10"
      agentCode = ""
      fileNumber = "003123107-8-W"
      denial = "Covered Loss"
    >
      <COVERAGE_LOSS
        claimNumber = "003123107-8-W"
        policyNumber = "KYH000041208"
        catastrophe = ""
        policyStart = "2020-10-01"
        policyEnd = "2021-10-01"
        dateInitCov = "2020-10-01"
      >
        <TOL
          code = "ICE/SNOW"
          desc = "Ice/Snow"
        />
        <COVERAGES
          lossOfUseReserve = "0"
          lossOfUse = "0"
          doNotApplyLimits = "0"
        >
          <COVERAGE
            covName = "Dwelling"
            id = "COV1"
            covType = "0"
            policyLimit = "100000"
            deductible = "0"
            applyTo = "0"
            coins = "0"
            reserveAmt = "0"
          >
            <LOSS_DATA
              deductApplied = "0"
              overLimits = "0"
            />
          </COVERAGE>
          <COVERAGE
            covName = "Other Structures"
            id = "COV20"
            covType = "0"
            policyLimit = "10000"
            deductible = "0"
            applyTo = "0"
            coins = "0"
            reserveAmt = "0"
          >
            <LOSS_DATA
              deductApplied = "0"
              overLimits = "0"
            />
          </COVERAGE>
          <COVERAGE
            covName = "Personal Property"
            id = "COV30"
            covType = "0"
            policyLimit = "70000"
            deductible = "0"
            applyTo = "0"
            coins = "0"
            reserveAmt = "0"
          >
            <LOSS_DATA
              deductApplied = "0"
              overLimits = "0"
            />
          </COVERAGE>
          <COVERAGE
            covName = "Loss of Use"
            id = "COV80"
            covType = "0"
            policyLimit = "30000"
            deductible = "0"
            applyTo = "0"
            coins = "0"
            reserveAmt = "0"
          >
            <LOSS_DATA
              deductApplied = "0"
              overLimits = "0"
            />
          </COVERAGE>
        </COVERAGES>
      </COVERAGE_LOSS>
    </ADM>
    <CLAIM_INFO>
      <ADMIN_INFO
        branch = ""
      />
    </CLAIM_INFO>
    <PARAMS
      priceList = "KYLO8X_OCT20"
      taxJurisdiction = "6%"
      checkpointPL = "KYLO8X_OCT20"
      overhead = "0"
      profit = "0"
      cumulativeOP = "0"
      plModifiedDateTime = "2020-10-01T00:00:00"
      defaultRepairedBy = "Contractor"
      depMat = "1"
      maxDepr = "100"
    />
    <EMBEDDED_PL>
      <MINIMUMS>
        <MINIMUM
          id = "MIN1"
          desc = "Cabinetry labor minimum"
          amount = "151.06"
          cat = "CAB"
          sel = "MN-A"
        />
        <MINIMUM
          id = "MIN2"
          desc = "Electrical labor minimum"
          amount = "237.56"
          cat = "ELE"
          sel = "MN-A"
        />
      </MINIMUMS>
    </EMBEDDED_PL>
  </XACTDOC>