<?xml version='1.0' encoding='UTF-8' ?><GENERIC_ROUGHDRAFT xmlns="http://xactware.com/generic_roughdraft.xsd" majorVersion="28" minorVersion="300" transactionId="007C2V9"><HEADER dateCreated="2020-10-12T19:18:24"/><COVERSHEET><ESTIMATE_INFO estimateName="MAOUCHI__AMIHA_&amp;_MA1" insuredName="MAOUCHI, AMIHA &amp; MAOUCHI, XIUFENG" priceList="VTBU8X_OCT20" laborEff="Restoration/Service/Remodel" claimNumber="003122810-8-W" policyNumber="VTH106429223" typeOfLoss="Other" deprMat="1" inspNotPerformed="1" recipientsXNAddress="ACSC.BETA.ONLINE" rotationTrade="General" carrierId="1860800" estimateType="Structural"/><ADDRESSES><ADDRESS type="Property" street="46 VT ROUTE 14" city="EAST CALAIS" state="VT" zip="05650-8305" primary="1"/><ADDRESS type="Home" street="46 VT ROUTE 14" city="EAST CALAIS" state="VT" zip="05650-8305"/></ADDRESSES><PHONES><PHONE type="Home" primary="1" phone="900-039-7362"/></PHONES><CONTACTS><CONTACT type="ClaimRep" name="XW"/><CONTACT type="Estimator" name="XW"/></CONTACTS><DATES loss="2020-09-30" completed="2020-10-12T19:18:23Z" received="2020-10-09" entered="2020-10-12T19:15:15Z" contacted="2020-10-12"/></COVERSHEET><COVERAGES><COVERAGE coverageName="Dwelling" coverageType="0" id="1"><SUMMARY><TOTALS lineItemTotal="1761.77" subtotal="1819.67" rcv="1819.67" acv="1819.67" netClaim="1819.67"><SALES_TAXES><SALES_TAX desc="Material Sales Tax" amount="57.9" taxOP="OPonTax"/></SALES_TAXES><SIGNATURE estimator="XW"/></TOTALS></SUMMARY><LOSS_DATA rcl="1819.67" acvLoss="1819.67" acvClaim="1819.67" rcvClaim="1819.67" adjLossAmt="1819.67"/></COVERAGE><COVERAGE coverageName="Locks" coverageType="0" id="15"/><COVERAGE coverageName="Other Structures" coverageType="0" id="20"/><COVERAGE coverageName="Add&apos;l Limits Other Structures (Endorsed)" coverageType="0" id="21"/><COVERAGE coverageName="Personal Property" coverageType="0" id="30"/><COVERAGE coverageName="Personal Property Off Premises" coverageType="0" id="60"/><COVERAGE coverageName="Loss of Use" coverageType="0" id="80"/></COVERAGES><RECAP_TAX_OP><TAXES><TAX_DETAIL taxNum="1" rate="6" desc="Material Sales Tax" amount="57.9"/><TAX_DETAIL taxNum="2" rate="6" desc="Manuf. Home Tax"/><TAX_DETAIL taxNum="3" rate="6" desc="Clothing Acc Tax"/><TAX_DETAIL taxNum="4" rate="6" desc="Storage Rental Tax"/></TAXES><LINE_ITEMS><TAXES><TAX_AMOUNT taxNum="1" amount="57.9"/></TAXES></LINE_ITEMS></RECAP_TAX_OP><LINE_ITEM_DETAIL homeownerTotal="1285.4" contractorTotal="1819.67" total="1761.77"><GROUP desc="MAOUCHI__AMIHA_&amp;_MA1" total="1761.77" acvTotal="1819.67" rcvTotal="1819.67" tax="57.9"><GROUPS><GROUP desc="Main Level" total="1761.77" acvTotal="1819.67" rcvTotal="1819.67" tax="57.9"><GROUPS><GROUP desc="Room1" total="1761.77" acvTotal="1819.67" rcvTotal="1819.67" tax="57.9"><ROOM_INFO sketchCeiling="8&apos;"/><ROOM_DIM_VARS sfWalls="384" sfCeiling="144" sfWallsCeiling="528" sfFloor="144" syFloor="16" lfFloorPerim="48" lfCeilingPerim="48"/><ITEMS total="1761.77"><ITEM type="I" lineNum="1" cat="HVC" sel="AH3" act="&amp;" actPrefix="R&amp;R" desc="Air handler - with heat element - 3 ton" calc="1" qty="1" unit="EA" coverageName="Dwelling" remove="59.93" replace="1701.84" total="1761.77" acv="1761.77" recoverable="1" tax="57.9" acvTotal="1819.67" rcvTotal="1819.67" isPartOfInitSettle="1" laborTotal="796.78" laborBase="221.67" laborBurden="102.37" laborMarkup="472.74" laborHours="8.38" material="964.99" containsBSCDontApply="1"><ITEM_ACTS><ITEM_ACT act="-" labUnit="59.93" acvTotal="59.93" rcvTotal="59.93" trade="DMO"/><ITEM_ACT act="+" labUnit="736.85" matUnit="964.99" tax="57.9" acvTotal="1759.74" rcvTotal="1759.74" trade="HVC"/></ITEM_ACTS></ITEM></ITEMS></GROUP></GROUPS></GROUP></GROUPS><AREA_DIM_VARS sfWalls="384" sfCeiling="144" sfWallsCeiling="528" sfFloor="144" syFloor="16" lfFloorPerim="48" lfCeilingPerim="48" sfSkFloor="144" sfSkTotalFloor="160.44" sfSkIntWall="384" sfSkExtWall="456" lfSkExtWallPerim="50.67"/></GROUP><COV_BREAKDOWN total="1761.77" grandTotal="1819.67"><COV_AMOUNTS desc="Dwelling" total="1761.77" totalPct="100" grandTotal="1819.67" grandTotalPct="100"/><COV_AMOUNTS desc="Locks"/><COV_AMOUNTS desc="Other Structures"/><COV_AMOUNTS desc="Add&apos;l Limits Other Structures (Endorsed)"/><COV_AMOUNTS desc="Personal Property"/><COV_AMOUNTS desc="Personal Property Off Premises"/><COV_AMOUNTS desc="Loss of Use"/></COV_BREAKDOWN></LINE_ITEM_DETAIL><RECAP_BY_ROOM total="1761.77"><RECAP_GROUP desc="MAOUCHI__AMIHA_&amp;_MA1" subtotal="1761.77" subtotalPercentage="100"><RECAP_GROUPS><RECAP_GROUP desc="Main Level" subtotal="1761.77" subtotalPercentage="100"><SUBTOTAL_COV_INFO><COV name="Dwelling" rate="100" amount="1761.77"/></SUBTOTAL_COV_INFO><RECAP_GROUPS><RECAP_GROUP desc="Room1" items="1761.77" itemsPercentage="100"><ITEMS_COV_INFO><COV name="Dwelling" rate="100" amount="1761.77"/></ITEMS_COV_INFO></RECAP_GROUP></RECAP_GROUPS></RECAP_GROUP></RECAP_GROUPS><SUBTOTAL_COV_INFO><COV name="Dwelling" rate="100" amount="1761.77"/></SUBTOTAL_COV_INFO></RECAP_GROUP></RECAP_BY_ROOM><RECAP_BY_CATEGORY subtotalRCV="1993.37"><OP_ITEMS subtotalRCV="1761.77" subtotalPercentage="88.38"><CATEGORY desc="GENERAL DEMOLITION" rcv="59.93" percentage="3.01"/><CATEGORY desc="HEAT,  VENT &amp; AIR CONDITIONING" rcv="1701.84" percentage="85.38"/></OP_ITEMS><SALES_TAXES><SALES_TAX desc="Material Sales Tax" percentage="2.9" rcv="57.9"/><SALES_TAX desc="Manuf. Home Tax" percentage="2.9" rcv="57.9"/><SALES_TAX desc="Clothing Acc Tax" percentage="2.9" rcv="57.9"/><SALES_TAX desc="Storage Rental Tax" percentage="2.9" rcv="57.9"/></SALES_TAXES></RECAP_BY_CATEGORY></GENERIC_ROUGHDRAFT>