<?xml version='1.0' encoding='UTF-8' ?>
  <XACTDOC>
    <XACTNET_INFO
      assignmentType = "1"
      transactionId = "007C2V9"
      carrierId = "1860800"
      senderId = "1200000"
      recipientsXNAddress = "ACSC.BETA.ONLINE"
      recipientsXM8UserId = "NGBOARDE"
      sendersXNAddress = "ACSC-NON-IRP.HOME.WEB"
      carrierAttribute2 = "ClaimsPortalACSC"
      carrierOffice1 = "Vermont"
      carrierOffice2 = "Vermont"
      carrierOffice3 = "WASHINGTON"
      sendersOfficeDescription1 = "Vermont"
      sendersOfficeDescription2 = "Vermont"
      sendersOfficeDescription3 = "WASHINGTON"
      recipientsId = "FIELD_Q"
      rotationTrade = "General"
      jobSizeCode = "2"
      emergency = "0"
      transactionType = "EST,ASG"
      estimateCount = "1"
      carrierName = "ACE - Staff"
      mitigation = "0"
      profileCode = "76"
    >
      <CONTROL_POINTS
        testAssignment = "0"
      />
      <ATTACHMENTS>
        <ATT_FILE
          fileName = "GENERIC_ROUGHDRAFT.XML"
          fileDesc = "Rough Draft XML"
          fileDate = "2020-10-12T13:18:40"
          fileType = "XML"
        />
        <ATT_FILE
          fileName = "3811497420.JPG"
          fileDesc = "003S09R1_EST2"
          fileDate = "2020-10-12T13:18:40"
          fileType = "JPG"
        />
        <ATT_FILE
          fileName = "ESTIMATE_AUDIT_REPORT.PDF"
          fileDesc = "ESTIMATE AUDIT REPORT"
          fileDate = "2020-10-12T13:18:40"
          fileType = "PDF"
        />
        <ATT_FILE
          fileName = "FINAL_DRAFT_WITH_AGE_LIFE_AND_CONDITION_Report.PDF"
          fileDesc = "FINAL DRAFT WITH AGE LIFE AND CONDITION Report"
          fileDate = "2020-10-12T13:18:40"
          fileType = "PDF"
        />
        <ATT_FILE
          fileName = "PHOTO_REPORT.PDF"
          fileDesc = "PHOTO REPORT"
          fileDate = "2020-10-12T13:18:40"
          fileType = "PDF"
        />
        <ATT_FILE
          fileName = "VARIATION_REPORT.PDF"
          fileDesc = "VARIATION REPORT"
          fileDate = "2020-10-12T13:18:40"
          fileType = "PDF"
        />
        <ATT_FILE
          fileName = "Report_Rough_Draft.PDF"
          fileDesc = "Report Rough Draft"
          fileDate = "2020-10-12T13:18:40"
          fileType = "PDF"
        />
        <ATT_FILE
          fileName = "Sketch_Summary.PDF"
          fileDesc = "Sketch Summary"
          fileDate = "2020-10-12T13:18:40"
          fileType = "PDF"
        />
        <ATT_FILE
          fileName = "FINAL_DRAFT_BY_COVERAGE_TYPE_Report.PDF"
          fileDesc = "FINAL DRAFT BY COVERAGE TYPE Report"
          fileDate = "2020-10-12T13:18:40"
          fileType = "PDF"
        />
        <ATT_FILE
          fileName = "XACTDOC.XML"
          fileDesc = "Stndard Carrier Export XML"
          fileDate = "2020-10-12T13:18:40"
          fileType = "XML"
        />
      </ATTACHMENTS>
      <SUMMARY
        homeOwnerItems = "0.00"
        contractorItems = "1819.67"
        estimateLineItemTotal = "1761.77"
        minimumChargeAdjustments = "0.00"
        overhead = "0.00"
        profit = "0.00"
        salesTax = "57.90"
        grossEstimate = "1819.67"
        recoverableDepreciation = "0.00"
        nonRecoverableDepreciation = "0.00"
        netEstimate = "1819.67"
        priceListLineItemTotal = "1761.77"
        deductible = "0.00"
      />
    </XACTNET_INFO>
    <CONTACTS>
      <CONTACT
        type = "Client"
        name = "MAOUCHI, AMIHA &#38; MAOUCHI, XIUFENG"
        qcode = ""
        mortgageHolder = "GREEN MOUNTAIN CREDIT UNION"
        birthDate = ""
        reference = ""
        language = ""
        title = ""
      >
        <ADDRESSES>
          <ADDRESS
            type = "Home"
            street = "46 VT ROUTE 14"
            city = "EAST CALAIS"
            state = "VT"
            postal = "05650-8305"
            country = "US"
          />
          <ADDRESS
            type = "Property"
            street = "46 VT ROUTE 14"
            city = "EAST CALAIS"
            state = "VT"
            postal = "05650-8305"
            country = "US"
            lat = "44.397"
            lon = "-72.414"
          />
        </ADDRESSES>
        <CONTACTMETHODS>
          <PHONE
            type = "Home"
            number = "900-039-7362"
          />
          <EMAIL
            address = "torres.paola@aaa-calif.com"
          />
        </CONTACTMETHODS>
      </CONTACT>
      <CONTACT
        type = "Estimator"
        name = "XW"
        qcode = "XW"
        birthDate = ""
        reference = ""
        language = ""
        position = ""
        title = ""
      >
        <ADDRESSES/>
        <CONTACTMETHODS>
          <EMAIL
            address = ""
          />
        </CONTACTMETHODS>
      </CONTACT>
      <CONTACT
        type = "ClaimRep"
        name = "XW"
        qcode = "XW"
        birthDate = ""
        reference = ""
        language = ""
        title = ""
      >
        <ADDRESSES/>
        <CONTACTMETHODS>
          <EMAIL
            address = ""
          />
        </CONTACTMETHODS>
      </CONTACT>
      <CONTACT
        type = "Claimant"
        name = ""
        qcode = ""
        birthDate = ""
        reference = ""
        language = ""
        title = ""
      >
        <ADDRESSES/>
        <CONTACTMETHODS>
          <EMAIL
            address = ""
          />
        </CONTACTMETHODS>
      </CONTACT>
    </CONTACTS>
    <PROJECT_INFO
      assignmentCode = "WEB"
      name = "MAOUCHI__AMIHA_&#38;_MA1"
      version = "16"
      profile = "76"
      xactnetAddress = "ACSC-NON-IRP.HOME.WEB"
      created = "2020-10-12T19:15:15Z"
      userId = "LANCASTE"
      status = "Completed"
      showIADeskAdjuster = "1"
      showDeskAdjuster = "1"
    >
      <NOTES><![CDATA[From: ACE - Staff

ASSIGNMENT PROFILE:
Type: Normal
Claim Rep: 
Date of Loss: 09/30/2020
Claim Number: 003122810-8-W
Insured Name: MAOUCHI, AMIHA & MAOUCHI, XIUFENG
Day Phone: (000) 000-0000
Evening Phone: (900) 039-7362

Type of Loss: Other
Job Type: General
Location of Property: 46 VT ROUTE 14, EAST CALAIS, VT 05650-8305

Instructions:

Years of Membership: 031

HO48 Additional Limit - Other Structures
2796 Amendatory Endorsement - Vermont
438BFU Mortgagee Endorsement
HO401 Vermont Homeowners Deluxe Package
Risk Deductible: 1000
Policy Type: HOB
Square Footage: 2200
Year of Construction: 2011

Roof Year 2011
Roof Type Metal 
123


Assignment Received by XactAnalysis:  10/12/2020 01:14PM MT
(XactAnalysis ID: 007C2V9)
]]></NOTES>
    </PROJECT_INFO>
    <ADM
      dateOfLoss = "2020-09-30T00:00:01"
      dateReceived = "2020-10-09T00:00:01"
      dateEntered = "2020-10-12T19:15:15Z"
      dateProjCompleted = "2020-10-12T19:18:23Z"
      dateContacted = "2020-10-12T00:00:00"
      agentCode = ""
      fileNumber = "003122810-8-W"
      denial = "Covered Loss"
    >
      <COVERAGE_LOSS
        claimNumber = "003122810-8-W"
        policyNumber = "VTH106429223"
        catastrophe = ""
        policyStart = "2020-06-03"
        policyEnd = "2021-06-03"
        dateInitCov = "2019-06-03"
      >
        <TOL
          code = "OTHER"
          desc = "Other"
        />
        <COVERAGES
          lossOfUseReserve = "0"
          lossOfUse = "0"
          doNotApplyLimits = "0"
        >
          <COVERAGE
            covName = "Dwelling"
            id = "COV1"
            covType = "0"
            policyLimit = "500000"
            deductible = "0"
            applyTo = "0"
            coins = "0"
            reserveAmt = "0"
          >
            <LOSS_DATA
              deductApplied = "0"
              overLimits = "0"
            />
          </COVERAGE>
          <COVERAGE
            covName = "Locks"
            id = "COV15"
            covType = "0"
            policyLimit = "250"
            deductible = "0"
            applyTo = "0"
            coins = "0"
            reserveAmt = "0"
          >
            <LOSS_DATA
              deductApplied = "0"
              overLimits = "0"
            />
          </COVERAGE>
          <COVERAGE
            covName = "Other Structures"
            id = "COV20"
            covType = "0"
            policyLimit = "50000"
            deductible = "0"
            applyTo = "0"
            coins = "0"
            reserveAmt = "0"
          >
            <LOSS_DATA
              deductApplied = "0"
              overLimits = "0"
            />
          </COVERAGE>
          <COVERAGE
            covName = "Add&#39;l Limits Other Structures (Endorsed)"
            id = "COV21"
            covType = "0"
            policyLimit = "50000"
            deductible = "0"
            applyTo = "0"
            coins = "0"
            reserveAmt = "0"
          >
            <LOSS_DATA
              deductApplied = "0"
              overLimits = "0"
            />
          </COVERAGE>
          <COVERAGE
            covName = "Personal Property"
            id = "COV30"
            covType = "0"
            policyLimit = "300000"
            deductible = "0"
            applyTo = "0"
            coins = "0"
            reserveAmt = "0"
          >
            <LOSS_DATA
              deductApplied = "0"
              overLimits = "0"
            />
          </COVERAGE>
          <COVERAGE
            covName = "Personal Property Off Premises"
            id = "COV60"
            covType = "0"
            policyLimit = "30000"
            deductible = "0"
            applyTo = "0"
            coins = "0"
            reserveAmt = "0"
          >
            <LOSS_DATA
              deductApplied = "0"
              overLimits = "0"
            />
          </COVERAGE>
          <COVERAGE
            covName = "Loss of Use"
            id = "COV80"
            covType = "0"
            policyLimit = "75000"
            deductible = "0"
            applyTo = "0"
            coins = "0"
            reserveAmt = "0"
          >
            <LOSS_DATA
              deductApplied = "0"
              overLimits = "0"
            />
          </COVERAGE>
        </COVERAGES>
      </COVERAGE_LOSS>
    </ADM>
    <CLAIM_INFO>
      <ADMIN_INFO
        branch = ""
      />
    </CLAIM_INFO>
    <PARAMS
      priceList = "VTBU8X_OCT20"
      taxJurisdiction = "6%"
      checkpointPL = "VTBU8X_OCT20"
      overhead = "0"
      profit = "0"
      cumulativeOP = "0"
      defaultRepairedBy = "Contractor"
      depMat = "1"
      maxDepr = "75"
    />
    <EMBEDDED_PL>
      <MINIMUMS>
        <MINIMUM
          id = "MIN1"
          desc = "Heat, vent, &#38; air cond. labor minimum"
          amount = "262.51"
          cat = "HVC"
          sel = "MN-A"
        />
      </MINIMUMS>
    </EMBEDDED_PL>
  </XACTDOC>