<?xml version='1.0' encoding='UTF-8' ?><GENERIC_ROUGHDRAFT xmlns="http://xactware.com/generic_roughdraft.xsd" majorVersion="28" minorVersion="0" transactionId="00731RD"><HEADER dateCreated="2020-06-22T10:02:16"/><COVERSHEET><ESTIMATE_INFO estimateName="DAMBOWY__KATIIE" insuredName="DAMBOWY, KATIIE" priceList="MOSL8X_JUN20" laborEff="Restoration/Service/Remodel" claimNumber="003112337-8-W" policyNumber="MOH155120019" typeOfLoss="Freeze" deprMat="1" recipientsXNAddress="ACSC.TEST.PT" rotationTrade="General" carrierId="1860800" estimateType="Structural"/><ADDRESSES><ADDRESS type="Property" street="107 KING DR" city="SAINT CHARLES" state="MO" zip="63303-3501" primary="1"/><ADDRESS type="Home" street="107 KING DR" city="SAINT CHARLES" state="MO" zip="63303-3501"/></ADDRESSES><PHONES><PHONE type="Home" primary="1" phone="864-401-2507"/><PHONE type="Business" phone="864-401-2507"/></PHONES><CONTACTS><CONTACT type="ClaimRep" name="Paola Torres" title="EP" company="AAA"><PHONES><PHONE primary="1" type="Business" phone="714-111-1111"/></PHONES></CONTACT><CONTACT type="Estimator" name="Paola Torres" title="EP" company="AAA"><PHONES><PHONE primary="1" type="Business" phone="714-111-1111"/></PHONES></CONTACT></CONTACTS><DATES loss="2020-06-22" inspected="2020-06-22" completed="2020-06-22T15:02:12Z" received="2020-06-22" entered="2020-06-22T15:00:49Z" contacted="2020-06-22T15:00:00Z"/></COVERSHEET><COVERAGES><COVERAGE coverageName="Building Property" coverageType="0" id="16"><SUMMARY><TOTALS lineItemTotal="8327.1" subtotal="8844.39" rcv="8844.39" recDepr="1431.51" depr="1431.51" acv="7412.88" netClaim="7412.88" actualRecDepr="1431.51" netClaimIfRec="8844.39"><SALES_TAXES><SALES_TAX desc="Material Sales Tax" amount="517.29" taxOP="OPonTax"/></SALES_TAXES><SIGNATURE estimator="Paola Torres" estimatorTitle="EP"/></TOTALS></SUMMARY></COVERAGE><COVERAGE coverageName="Personal Property" coverageType="0" id="30"/><COVERAGE coverageName="Personal Property Off Premises" coverageType="0" id="60"/><COVERAGE coverageName="Loss of Use" coverageType="0" id="80"/></COVERAGES><RECAP_TAX_OP><TAXES><TAX_DETAIL taxNum="1" rate="7.95" desc="Material Sales Tax" amount="517.29"/><TAX_DETAIL taxNum="2" rate="7.95" desc="Manuf. Home Tax"/><TAX_DETAIL taxNum="3" rate="4.95" desc="Food Tax"/></TAXES><LINE_ITEMS><TAXES><TAX_AMOUNT taxNum="1" amount="517.29"/></TAXES></LINE_ITEMS></RECAP_TAX_OP><LINE_ITEM_DETAIL total="8327.1"><GROUP desc="DAMBOWY__KATIIE" total="8327.1" acvTotal="7412.88" rcvTotal="8844.39" tax="517.29"><ITEMS total="8327.1"><ITEM type="I" lineNum="1" cat="CAB" sel="BARGB" act="&amp;" actPrefix="R&amp;R" desc="Bar with granite top - Commercial" calc="15" qty="15" unit="LF" coverageName="Building Property" remove="9.15" replace="545.99" total="8327.1" acv="6895.59" deprType="2" recoverable="1" age="11" lifeExp="50" depr="1431.51" tax="517.29" acvTotal="7412.88" deprTotal="1431.51" rcvTotal="8844.39" isPartOfInitSettle="1" laborTotal="1820.25" laborBase="790.2" laborBurden="363.15" laborMarkup="666.9" laborHours="2.73" material="6506.85" containsBSCDontApply="1"><ITEM_ACTS><ITEM_ACT act="-" labUnit="9.15" acvTotal="9.15" rcvTotal="9.15" trade="DMO"/><ITEM_ACT act="+" labUnit="112.2" matUnit="433.79" tax="34.49" acvTotal="485.05" deprTotal="95.43" rcvTotal="580.48" trade="CARP-FNC"/></ITEM_ACTS></ITEM></ITEMS></GROUP><COV_BREAKDOWN total="8327.1" grandTotal="7412.88"><COV_AMOUNTS desc="Building Property" total="8327.1" totalPct="100" grandTotal="7412.88" grandTotalPct="100"/><COV_AMOUNTS desc="Personal Property"/><COV_AMOUNTS desc="Personal Property Off Premises"/><COV_AMOUNTS desc="Loss of Use"/></COV_BREAKDOWN></LINE_ITEM_DETAIL><RECAP_BY_ROOM total="8327.1"><RECAP_GROUP desc="DAMBOWY__KATIIE" items="8327.1" itemsPercentage="100"><ITEMS_COV_INFO><COV name="Building Property" rate="100" amount="8327.1"/></ITEMS_COV_INFO></RECAP_GROUP></RECAP_BY_ROOM><RECAP_BY_CATEGORY subtotalRCV="8844.39" subtotalDeprec="1431.51" subtotalACV="7412.88"><OP_ITEMS subtotalRCV="8327.1" subtotalDeprec="1431.51" subtotalACV="6895.59"><CATEGORY desc="GENERAL DEMOLITION" rcv="137.25" acv="137.25"/><CATEGORY desc="CABINETRY" rcv="8189.85" deprec="1431.51" acv="6758.34"/></OP_ITEMS><SALES_TAXES><SALES_TAX desc="Material Sales Tax" rcv="517.29" acv="517.29"/></SALES_TAXES></RECAP_BY_CATEGORY></GENERIC_ROUGHDRAFT>