<?xml version='1.0' encoding='UTF-8' ?><GENERIC_ROUGHDRAFT xmlns="http://xactware.com/generic_roughdraft.xsd" majorVersion="28" minorVersion="0" transactionId="007344S"><HEADER dateCreated="2020-06-23T08:56:04"/><COVERSHEET><ESTIMATE_INFO estimateName="NONEMAKER__JEFFREY_&amp;" insuredName="NONEMAKER, JEFFREY &amp; NONEMAKER, PATTI" priceList="CABD8X_JUN20" laborEff="Restoration/Service/Remodel" claimNumber="005044808-8-X" policyNumber="CHO004697237" typeOfLoss="Other" deprMat="1" recipientsXNAddress="ACSC.TEST.PT" rotationTrade="General" carrierId="1860800" estimateType="Structural"/><ADDRESSES><ADDRESS type="Property" street="842 MESA VIEW ST" city="UPLAND" state="CA" zip="91784-8012" primary="1"/><ADDRESS type="Home" street="842 MESA VIEW ST" city="UPLAND" state="CA" zip="91784-8012"/></ADDRESSES><PHONES><PHONE type="Home" primary="1" phone="909-981-1544"/><PHONE type="Business" phone="222-222-2222"/></PHONES><CONTACTS><CONTACT type="ClaimRep" name="Paola Torres" title="EP" company="AAA"><PHONES><PHONE primary="1" type="Business" phone="714-111-1111"/></PHONES></CONTACT><CONTACT type="Estimator" name="Paola Torres" title="EP" company="AAA"><PHONES><PHONE primary="1" type="Business" phone="714-111-1111"/></PHONES></CONTACT></CONTACTS><DATES loss="2020-06-23" inspected="2020-06-23" completed="2020-06-23T15:56:02Z" received="2020-06-23" entered="2020-06-23T15:54:51Z" contacted="2020-06-23"/></COVERSHEET><COVERAGES><COVERAGE coverageName="Dwelling" coverageType="0" id="1"><SUMMARY><TOTALS lineItemTotal="5505.8" subtotal="5827.34" rcv="5827.34" acv="5827.34" netClaim="5827.34"><SALES_TAXES><SALES_TAX desc="Material Sales Tax" amount="321.54" taxOP="OPonTax"/></SALES_TAXES><SIGNATURE estimator="Paola Torres" estimatorTitle="EP"/></TOTALS></SUMMARY></COVERAGE><COVERAGE coverageName="Green Coverage" coverageType="0" id="19"/><COVERAGE coverageName="Other Structures" coverageType="0" id="20"/><COVERAGE coverageName="Personal Property" coverageType="0" id="30"/><COVERAGE coverageName="Personal Property Off Premises" coverageType="0" id="60"/><COVERAGE coverageName="Identity Fraud Expense Coverage" coverageType="0" id="72"/><COVERAGE coverageName="Loss of Use" coverageType="0" id="80"/></COVERAGES><RECAP_TAX_OP><TAXES><TAX_DETAIL taxNum="1" rate="7.75" desc="Material Sales Tax" amount="321.54"/><TAX_DETAIL taxNum="2" rate="7.75" desc="Storage Rental Tax"/></TAXES><LINE_ITEMS><TAXES><TAX_AMOUNT taxNum="1" amount="321.54"/></TAXES></LINE_ITEMS></RECAP_TAX_OP><LINE_ITEM_DETAIL total="5505.8"><GROUP desc="NONEMAKER__JEFFREY_&amp;" total="5505.8" acvTotal="5827.34" rcvTotal="5827.34" tax="321.54"><ITEMS total="5505.8"><ITEM type="I" lineNum="1" cat="CAB" sel="BARGB" act="&amp;" actPrefix="R&amp;R" desc="Bar with granite top - Commercial" calc="10" qty="10" unit="LF" coverageName="Dwelling" remove="8.6" replace="541.98" total="5505.8" acv="5505.8" deprType="2" recoverable="1" lifeExp="50" tax="321.54" acvTotal="5827.34" rcvTotal="5827.34" isPartOfInitSettle="1" laborTotal="1356.9" laborBase="466.2" laborBurden="281" laborMarkup="609.7" laborHours="17.81" material="4148.9" containsBSCDontApply="1"><ITEM_ACTS><ITEM_ACT act="-" labUnit="8.6" acvTotal="8.6" rcvTotal="8.6" trade="DMO"/><ITEM_ACT act="+" labUnit="127.09" matUnit="414.89" tax="32.15" acvTotal="574.13" rcvTotal="574.13" trade="CARP-FNC"/></ITEM_ACTS></ITEM></ITEMS></GROUP><COV_BREAKDOWN total="5505.8" grandTotal="5827.34"><COV_AMOUNTS desc="Dwelling" total="5505.8" totalPct="100" grandTotal="5827.34" grandTotalPct="100"/><COV_AMOUNTS desc="Green Coverage"/><COV_AMOUNTS desc="Other Structures"/><COV_AMOUNTS desc="Personal Property"/><COV_AMOUNTS desc="Personal Property Off Premises"/><COV_AMOUNTS desc="Identity Fraud Expense Coverage"/><COV_AMOUNTS desc="Loss of Use"/></COV_BREAKDOWN></LINE_ITEM_DETAIL><RECAP_BY_ROOM total="5505.8"><RECAP_GROUP desc="NONEMAKER__JEFFREY_&amp;" items="5505.8" itemsPercentage="100"><ITEMS_COV_INFO><COV name="Dwelling" rate="100" amount="5505.8"/></ITEMS_COV_INFO></RECAP_GROUP></RECAP_BY_ROOM><RECAP_BY_CATEGORY subtotalRCV="5827.34"><OP_ITEMS subtotalRCV="5505.8" subtotalPercentage="94.48"><CATEGORY desc="GENERAL DEMOLITION" rcv="86" percentage="1.48"/><CATEGORY desc="CABINETRY" rcv="5419.8" percentage="93.01"/></OP_ITEMS><SALES_TAXES><SALES_TAX desc="Material Sales Tax" percentage="5.52" rcv="321.54"/></SALES_TAXES></RECAP_BY_CATEGORY></GENERIC_ROUGHDRAFT>