<?xml version='1.0' encoding='UTF-8' ?><GENERIC_ROUGHDRAFT xmlns="http://xactware.com/generic_roughdraft.xsd" majorVersion="28" minorVersion="0" transactionId="00733YG"><HEADER dateCreated="2020-06-23T08:38:28"/><COVERSHEET><ESTIMATE_INFO estimateName="DAMBOWY__KATIIE1" insuredName="DAMBOWY, KATIIE" priceList="MOSL8X_JUN20" laborEff="Restoration/Service/Remodel" claimNumber="003112619-8-W" policyNumber="MOH155120019" typeOfLoss="Ice/Snow" deprMat="1" recipientsXNAddress="ACSC.TEST.PT" rotationTrade="General" carrierId="1860800" estimateType="Structural"/><ADDRESSES><ADDRESS type="Property" street="107 KING DR" city="SAINT CHARLES" state="MO" zip="63303-3501" primary="1"/><ADDRESS type="Home" street="107 KING DR" city="SAINT CHARLES" state="MO" zip="63303-3501"/></ADDRESSES><PHONES><PHONE type="Home" primary="1" phone="864-401-2507"/><PHONE type="Business" phone="864-401-2507"/></PHONES><CONTACTS><CONTACT type="ClaimRep" name="Paola Torres" title="EP" company="AAA"><PHONES><PHONE primary="1" type="Business" phone="714-111-1111"/></PHONES></CONTACT><CONTACT type="Estimator" name="Paola Torres" title="EP" company="AAA"><PHONES><PHONE primary="1" type="Business" phone="714-111-1111"/></PHONES></CONTACT></CONTACTS><DATES loss="2020-06-23" inspected="2020-06-23" completed="2020-06-23T13:38:25Z" received="2020-06-23" entered="2020-06-23T13:36:39Z" contacted="2020-06-23"/></COVERSHEET><COVERAGES><COVERAGE coverageName="Building Property" coverageType="0" id="16"><SUMMARY><TOTALS lineItemTotal="6619.2" subtotal="7011.76" rcv="7011.76" recDepr="1086.34" depr="1086.34" acv="5925.42" netClaim="5925.42" actualRecDepr="1086.34" netClaimIfRec="7011.76"><SALES_TAXES><SALES_TAX desc="Material Sales Tax" amount="392.56" taxOP="OPonTax"/></SALES_TAXES><SIGNATURE estimator="Paola Torres" estimatorTitle="EP"/></TOTALS></SUMMARY></COVERAGE><COVERAGE coverageName="Personal Property" coverageType="0" id="30"/><COVERAGE coverageName="Personal Property Off Premises" coverageType="0" id="60"/><COVERAGE coverageName="Loss of Use" coverageType="0" id="80"/></COVERAGES><RECAP_TAX_OP><TAXES><TAX_DETAIL taxNum="1" rate="7.95" desc="Material Sales Tax" amount="392.56"/><TAX_DETAIL taxNum="2" rate="7.95" desc="Manuf. Home Tax"/><TAX_DETAIL taxNum="3" rate="4.95" desc="Food Tax"/></TAXES><LINE_ITEMS><TAXES><TAX_AMOUNT taxNum="1" amount="392.56"/></TAXES></LINE_ITEMS></RECAP_TAX_OP><LINE_ITEM_DETAIL total="6619.2"><GROUP desc="DAMBOWY__KATIIE1" total="6619.2" acvTotal="5925.42" rcvTotal="7011.76" tax="392.56"><ITEMS total="6619.2"><ITEM type="I" lineNum="1" cat="CAB" sel="BARGF" act="&amp;" actPrefix="R&amp;R" desc="Bar with granite top and front - Commercial" calc="10" qty="10" unit="LF" coverageName="Building Property" remove="9.15" replace="652.77" total="6619.2" acv="5532.86" deprType="2" recoverable="1" age="11" lifeExp="50" depr="1086.34" tax="392.56" acvTotal="5925.42" deprTotal="1086.34" rcvTotal="7011.76" isPartOfInitSettle="1" laborTotal="1681.3" laborBase="728.4" laborBurden="334.1" laborMarkup="618.8" laborHours="1.82" material="4937.9" containsBSCDontApply="1"><ITEM_ACTS><ITEM_ACT act="-" labUnit="9.15" acvTotal="9.15" rcvTotal="9.15" trade="DMO"/><ITEM_ACT act="+" labUnit="158.98" matUnit="493.79" tax="39.26" acvTotal="583.4" deprTotal="108.63" rcvTotal="692.03" trade="CARP-FNC"/></ITEM_ACTS></ITEM></ITEMS></GROUP><COV_BREAKDOWN total="6619.2" grandTotal="5925.42"><COV_AMOUNTS desc="Building Property" total="6619.2" totalPct="100" grandTotal="5925.42" grandTotalPct="100"/><COV_AMOUNTS desc="Personal Property"/><COV_AMOUNTS desc="Personal Property Off Premises"/><COV_AMOUNTS desc="Loss of Use"/></COV_BREAKDOWN></LINE_ITEM_DETAIL><RECAP_BY_ROOM total="6619.2"><RECAP_GROUP desc="DAMBOWY__KATIIE1" items="6619.2" itemsPercentage="100"><ITEMS_COV_INFO><COV name="Building Property" rate="100" amount="6619.2"/></ITEMS_COV_INFO></RECAP_GROUP></RECAP_BY_ROOM><RECAP_BY_CATEGORY subtotalRCV="7011.76" subtotalDeprec="1086.34" subtotalACV="5925.42"><OP_ITEMS subtotalRCV="6619.2" subtotalDeprec="1086.34" subtotalACV="5532.86"><CATEGORY desc="GENERAL DEMOLITION" rcv="91.5" acv="91.5"/><CATEGORY desc="CABINETRY" rcv="6527.7" deprec="1086.34" acv="5441.36"/></OP_ITEMS><SALES_TAXES><SALES_TAX desc="Material Sales Tax" rcv="392.56" acv="392.56"/></SALES_TAXES></RECAP_BY_CATEGORY></GENERIC_ROUGHDRAFT>