<?xml version='1.0' encoding='UTF-8' ?><GENERIC_ROUGHDRAFT xmlns="http://xactware.com/generic_roughdraft.xsd" majorVersion="28" minorVersion="0" transactionId="007CBR5"><HEADER dateCreated="2020-10-15T13:42:48"/><COVERSHEET><ESTIMATE_INFO estimateName="CLOONEY__GEORGE1" insuredName="CLOONEY, GEORGE" priceList="KYLX8X_OCT20" laborEff="Restoration/Service/Remodel" claimNumber="003123410-8-W" policyNumber="KYH000042151" typeOfLoss="Freeze" deprMat="1" recipientsXNAddress="ACSC.TEST.STAFF" rotationTrade="General" carrierId="1860800" estimateType="Mixed"/><ADDRESSES><ADDRESS type="Property" street="895 STILLHOUSE HOLLOW RD" city="FRANKFORT" state="KY" zip="40601" primary="1"/><ADDRESS type="Home" street="895 STILLHOUSE HOLLOW RD" city="FRANKFORT" state="KY" zip="40601"/></ADDRESSES><CONTACTS><CONTACT type="ClaimRep" name="Paola Torres" title="EP" company="AAA"><PHONES><PHONE primary="1" type="Business" phone="714-111-1111"/></PHONES></CONTACT><CONTACT type="Estimator" name="Paola Torres" title="EP" company="AAA"><PHONES><PHONE primary="1" type="Business" phone="714-111-1111"/></PHONES></CONTACT></CONTACTS><DATES loss="2020-10-14" inspected="2020-10-15" completed="2020-10-15T17:41:47Z" received="2020-10-15" entered="2020-10-15T17:37:26Z" contacted="2020-10-15T05:40:00Z"/></COVERSHEET><COVERAGES><COVERAGE coverageName="Building Property" coverageType="0" id="16"/><COVERAGE coverageName="Personal Property" coverageType="0" id="30"/><COVERAGE coverageName="Loss of Use" coverageType="0" id="80"/></COVERAGES><RECAP_TAX_OP><TAXES><TAX_DETAIL taxNum="1" rate="6" desc="Material Sales Tax"/><TAX_DETAIL taxNum="2" rate="6" desc="Total Tax"/><TAX_DETAIL taxNum="3" rate="6" desc="Mat. Tax on Struct."/></TAXES></RECAP_TAX_OP><LINE_ITEM_DETAIL><GROUP><AREA_DIM_VARS sfWalls="384" sfCeiling="144" sfWallsCeiling="528" sfFloor="144" syFloor="16" lfFloorPerim="48" lfCeilingPerim="48" sfSkFloor="144" sfSkTotalFloor="160.44" sfSkIntWall="384" sfSkExtWall="456" lfSkExtWallPerim="50.67"/></GROUP><COV_BREAKDOWN><COV_AMOUNTS desc="Building Property"/><COV_AMOUNTS desc="Personal Property"/><COV_AMOUNTS desc="Loss of Use"/></COV_BREAKDOWN></LINE_ITEM_DETAIL><RECAP_BY_ROOM><RECAP_GROUP desc="CLOONEY__GEORGE1"/></RECAP_BY_ROOM></GENERIC_ROUGHDRAFT>