<?xml version='1.0' encoding='UTF-8' ?><GENERIC_ROUGHDRAFT xmlns="http://xactware.com/generic_roughdraft.xsd" majorVersion="28" minorVersion="0" transactionId="007BG89"><HEADER dateCreated="2020-10-01T13:35:17"/><COVERSHEET><ESTIMATE_INFO estimateName="SALIERI__ROUSLAN_&amp;_S" insuredName="SALIERI, ROUSLAN &amp; SALIERI, KUANG CHI" priceList="MEPO8X_SEP20" laborEff="Restoration/Service/Remodel" claimNumber="003121972-8-W" policyNumber="MEH114800014" typeOfLoss="Hail" recipientsXNAddress="ACSC.TEST.STAFF" rotationTrade="General" carrierId="1860800" estimateType="Structural"/><ADDRESSES><ADDRESS type="Property" street="119 SOUTH ST" city="BIDDEFORD" state="ME" zip="04005-2311" primary="1"/><ADDRESS type="Home" street="119 SOUTH ST" city="BIDDEFORD" state="ME" zip="04005-2311"/></ADDRESSES><PHONES><PHONE type="Home" primary="1" phone="503-820-4910"/><PHONE type="Business" phone="503-777-7777"/></PHONES><CONTACTS><CONTACT type="ClaimRep" name="Paola Torres" title="EP" company="AAA"><PHONES><PHONE primary="1" type="Business" phone="714-111-1111"/></PHONES></CONTACT><CONTACT type="Estimator" name="Paola Torres" title="EP" company="AAA"><PHONES><PHONE primary="1" type="Business" phone="714-111-1111"/></PHONES></CONTACT></CONTACTS><DATES loss="2020-09-01" inspected="2020-10-01" completed="2020-10-01T17:35:11Z" received="2020-09-29" entered="2020-09-30T17:43:28Z" contacted="2020-10-01"/></COVERSHEET><COVERAGES><COVERAGE coverageName="Dwelling" coverageType="0" id="1"><SUMMARY><TOTALS lineItemTotal="7389.24" subtotal="7706.91" rcv="7706.91" acv="7706.91" netClaim="7706.91"><SALES_TAXES><SALES_TAX desc="Material Sales Tax" amount="317.67" taxOP="OPonTax"/></SALES_TAXES><SIGNATURE estimator="Paola Torres" estimatorTitle="EP"/></TOTALS></SUMMARY></COVERAGE><COVERAGE coverageName="Locks" coverageType="0" id="15"/><COVERAGE coverageName="Other Structures" coverageType="0" id="20"/><COVERAGE coverageName="Personal Property" coverageType="0" id="30"/><COVERAGE coverageName="Personal Property Off Premises" coverageType="0" id="60"/><COVERAGE coverageName="Loss of Use" coverageType="0" id="80"/></COVERAGES><RECAP_TAX_OP><TAXES><TAX_DETAIL taxNum="1" rate="5.5" desc="Material Sales Tax" amount="317.67"/><TAX_DETAIL taxNum="2" rate="5.5" desc="Manuf. Home Tax"/></TAXES><LINE_ITEMS><TAXES><TAX_AMOUNT taxNum="1" amount="317.67"/></TAXES></LINE_ITEMS></RECAP_TAX_OP><LINE_ITEM_DETAIL total="7389.24"><GROUP desc="SALIERI__ROUSLAN_&amp;_S" total="7389.24" acvTotal="7706.91" rcvTotal="7706.91" tax="317.67"><ITEMS total="7389.24"><ITEM type="I" lineNum="1" cat="CAB" sel="BARGF" act="&amp;" actPrefix="R&amp;R" desc="Bar with granite top and front - Commercial" calc="12" qty="12" unit="LF" coverageName="Dwelling" remove="8.1" replace="607.67" total="7389.24" acv="7389.24" recoverable="1" age="11" tax="317.67" acvTotal="7706.91" rcvTotal="7706.91" isPartOfInitSettle="1" laborTotal="1613.4" laborBase="648.24" laborBurden="327.84" laborMarkup="637.32" laborHours="29.37" material="5775.84" containsBSCDontApply="1"><ITEM_ACTS><ITEM_ACT act="-" labUnit="8.1" acvTotal="8.1" rcvTotal="8.1" trade="DMO"/><ITEM_ACT act="+" labUnit="126.35" matUnit="481.32" tax="26.47" acvTotal="634.14" rcvTotal="634.14" trade="CARP-FNC"/></ITEM_ACTS></ITEM></ITEMS><AREA_DIM_VARS sfWalls="384" sfCeiling="144" sfWallsCeiling="528" sfFloor="144" syFloor="16" lfFloorPerim="48" lfCeilingPerim="48" sfSkFloor="144" sfSkTotalFloor="160.44" sfSkIntWall="384" sfSkExtWall="456" lfSkExtWallPerim="50.67"/></GROUP><COV_BREAKDOWN total="7389.24" grandTotal="7706.91"><COV_AMOUNTS desc="Dwelling" total="7389.24" totalPct="100" grandTotal="7706.91" grandTotalPct="100"/><COV_AMOUNTS desc="Locks"/><COV_AMOUNTS desc="Other Structures"/><COV_AMOUNTS desc="Personal Property"/><COV_AMOUNTS desc="Personal Property Off Premises"/><COV_AMOUNTS desc="Loss of Use"/></COV_BREAKDOWN></LINE_ITEM_DETAIL><RECAP_BY_ROOM total="7389.24"><RECAP_GROUP desc="SALIERI__ROUSLAN_&amp;_S" items="7389.24" itemsPercentage="100" subtotal="7389.24" subtotalPercentage="100"><ITEMS_COV_INFO><COV name="Dwelling" rate="100" amount="7389.24"/></ITEMS_COV_INFO><SUBTOTAL_COV_INFO><COV name="Dwelling" rate="100" amount="7389.24"/></SUBTOTAL_COV_INFO></RECAP_GROUP></RECAP_BY_ROOM><RECAP_BY_CATEGORY subtotalRCV="7706.91"><OP_ITEMS subtotalRCV="7389.24" subtotalPercentage="95.88"><CATEGORY desc="GENERAL DEMOLITION" rcv="97.2" percentage="1.26"/><CATEGORY desc="CABINETRY" rcv="7292.04" percentage="94.62"/></OP_ITEMS><SALES_TAXES><SALES_TAX desc="Material Sales Tax" percentage="4.12" rcv="317.67"/></SALES_TAXES></RECAP_BY_CATEGORY></GENERIC_ROUGHDRAFT>