<?xml version='1.0' encoding='UTF-8' ?><GENERIC_ROUGHDRAFT xmlns="http://xactware.com/generic_roughdraft.xsd" majorVersion="28" minorVersion="0" transactionId="007B17T"><HEADER compName="TEST " dateCreated="2020-09-23T09:33:56"><COMP_INFO><![CDATA[Test\09]]></COMP_INFO></HEADER><COVERSHEET><ESTIMATE_INFO estimateName="WARYANTI__KENNICOTT_" insuredName="WARYANTI, KENNICOTT &amp; WARYANTI, AIMAR" priceList="CALA8X_SEP20" laborEff="Restoration/Service/Remodel" claimNumber="003121498-8-W" policyNumber="CHO010100010" typeOfLoss="Other" deprMat="1" onsite="1" printOnsite="1" onsitePayment="1" estimatedOnsite="1" recipientsXNAddress="TEST.XNA.GL" rotationTrade="General" carrierId="1860800" estimateType="Structural"/><ADDRESSES><ADDRESS type="Property" street="6543 HEREFORD DR" city="LOS ANGELES" state="CA" zip="90022-5427" primary="1"/><ADDRESS type="Home" street="6543 HEREFORD DR" city="LOS ANGELES" state="CA" zip="90022-5427"/></ADDRESSES><PHONES><PHONE type="Home" primary="1" phone="846-248-3551"/><PHONE type="Business" phone="999-999-9999"/></PHONES><CONTACTS><CONTACT type="ClaimRep" name="Gabe"/><CONTACT type="Estimator" name="Gabe"/></CONTACTS><DATES loss="2020-09-09" inspected="2020-09-23T07:00:00Z" completed="2020-09-23T16:33:55Z" received="2020-09-23" entered="2020-09-23T13:37:09Z" contacted="2020-09-22T07:00:00Z"/><OPENING_STATEMENT><![CDATA[TEST STATEMENT 003121498-8-W\0A]]></OPENING_STATEMENT></COVERSHEET><COVERAGES><COVERAGE deductible="500" coverageName="Dwelling" coverageType="0" id="1"><SUMMARY><TOTALS lineItemTotal="2478.21" subtotal="2500.44" rcv="2500.44" acv="2500.44" deductible="500" fullDeduct="500" netClaim="2000.44"><SALES_TAXES><SALES_TAX desc="Material Sales Tax" amount="22.23" taxOP="OPonTax"/></SALES_TAXES><SIGNATURE estimator="Gabe"/></TOTALS></SUMMARY></COVERAGE><COVERAGE coverageName="Extended Replacement Cost (HO280)" coverageType="0" id="4"/><COVERAGE coverageName="Other Structures" coverageType="0" id="20"/><COVERAGE coverageName="Add&apos;l Limits Other Structures (Endorsed)" coverageType="0" id="21"/><COVERAGE coverageName="Personal Property" coverageType="0" id="30"/><COVERAGE coverageName="Personal Property Off Premises" coverageType="0" id="60"/><COVERAGE coverageName="Loss of Use" coverageType="0" id="80"/></COVERAGES><RECAP_TAX_OP><TAXES><TAX_DETAIL taxNum="1" rate="9.5" desc="Material Sales Tax" amount="22.23"/><TAX_DETAIL taxNum="2" rate="9.5" desc="Storage Rental Tax"/></TAXES><LINE_ITEMS><TAXES><TAX_AMOUNT taxNum="1" amount="22.23"/></TAXES></LINE_ITEMS></RECAP_TAX_OP><LINE_ITEM_DETAIL homeownerTotal="904.92" contractorTotal="2000.44" total="2478.21"><GROUP desc="WARYANTI__KENNICOTT_" total="2478.21" acvTotal="2500.44" rcvTotal="2500.44" tax="22.23"><GROUPS><GROUP desc="Main Level" total="2478.21" acvTotal="2500.44" rcvTotal="2500.44" tax="22.23"><GROUPS><GROUP desc="Room1" total="2478.21" acvTotal="2500.44" rcvTotal="2500.44" tax="22.23"><ROOM_INFO sketchCeiling="8&apos;"/><ROOM_DIM_VARS sfWalls="1017.38" sfCeiling="453.12" sfWallsCeiling="1470.5" sfFloor="453.12" syFloor="50.35" lfFloorPerim="127.2" lfCeilingPerim="127.2"/><ITEMS total="2478.21"><ITEM type="I" lineNum="1" cat="WTR" sel="DRY" act="+" desc="Air mover (per 24 hour period) - No monitoring" calc="5" qty="5" unit="EA" coverageName="Dwelling" replace="26.55" total="132.75" acv="132.75" deprType="2" recoverable="1" acvTotal="132.75" rcvTotal="132.75" isPartOfInitSettle="1" equipment="132.75"><ITEM_ACTS><ITEM_ACT act="+" equUnit="26.55"/></ITEM_ACTS></ITEM><ITEM type="I" lineNum="2" cat="WTR" sel="DHM" act="+" desc="Dehumidifier (per 24 hour period) - No monitoring" calc="3" qty="3" unit="EA" coverageName="Dwelling" replace="60.82" total="182.46" acv="182.46" deprType="2" recoverable="1" acvTotal="182.46" rcvTotal="182.46" isPartOfInitSettle="1" equipment="182.46"><ITEM_ACTS><ITEM_ACT act="+" equUnit="60.82"/></ITEM_ACTS></ITEM><ITEM type="I" lineNum="3" cat="WTR" sel="EXT" act="+" desc="Water extraction from carpeted floor" calc="F" qty="453.12" unit="SF" coverageName="Dwelling" replace="0.53" total="240.15" acv="240.15" deprType="2" recoverable="1" acvTotal="240.15" rcvTotal="240.15" isPartOfInitSettle="1" laborTotal="113.28" laborBase="45.31" laborBurden="27.19" laborMarkup="40.78" laborHours="1.74" equipment="126.87" containsBSCDontApply="1"><ITEM_ACTS><ITEM_ACT act="+" labUnit="0.25" equUnit="0.28" trade="CLN-R"/></ITEM_ACTS></ITEM><ITEM type="I" lineNum="5" cat="WTR" sel="DRYW" act="-" actPrefix="Remove" desc="Tear out wet drywall, cleanup, bag for disposal" calc="W" qty="1017.38" unit="SF" coverageName="Dwelling" remove="1.04" total="1058.08" acv="1058.08" deprType="2" recoverable="1" tax="16.43" acvTotal="1074.51" rcvTotal="1074.51" isPartOfInitSettle="1" laborTotal="885.12" laborBase="345.91" laborBurden="213.65" laborMarkup="325.56" laborHours="13.67" material="172.96" containsBSCDontApply="1"><ITEM_ACTS><ITEM_ACT act="-" labUnit="0.87" matUnit="0.17" trade="CLN-R"/></ITEM_ACTS></ITEM><ITEM type="I" lineNum="6" cat="WTR" sel="INS" act="-" actPrefix="Remove" desc="Tear out and bag wet insulation" calc="W" qty="1017.38" unit="SF" coverageName="Dwelling" remove="0.85" total="864.77" acv="864.77" deprType="2" recoverable="1" tax="5.8" acvTotal="870.57" rcvTotal="870.57" isPartOfInitSettle="1" laborTotal="803.73" laborBase="315.39" laborBurden="193.3" laborMarkup="295.04" laborHours="12.47" material="61.04" containsBSCDontApply="1"><ITEM_ACTS><ITEM_ACT act="-" labUnit="0.79" matUnit="0.06" trade="CLN-R"/></ITEM_ACTS></ITEM></ITEMS></GROUP></GROUPS></GROUP></GROUPS><AREA_DIM_VARS sfWalls="1017.38" sfCeiling="453.12" sfWallsCeiling="1470.5" sfFloor="453.12" syFloor="50.35" lfFloorPerim="127.2" lfCeilingPerim="127.2" sfSkFloor="453.12" sfSkTotalFloor="542.64" sfSkIntWall="1017.38" sfSkExtWall="1180.05" lfSkExtWallPerim="131.12"/></GROUP><COV_BREAKDOWN total="2478.21" grandTotal="2500.44"><COV_AMOUNTS desc="Dwelling" total="2478.21" totalPct="100" grandTotal="2500.44" grandTotalPct="100"/><COV_AMOUNTS desc="Extended Replacement Cost (HO280)"/><COV_AMOUNTS desc="Other Structures"/><COV_AMOUNTS desc="Add&apos;l Limits Other Structures (Endorsed)"/><COV_AMOUNTS desc="Personal Property"/><COV_AMOUNTS desc="Personal Property Off Premises"/><COV_AMOUNTS desc="Loss of Use"/></COV_BREAKDOWN></LINE_ITEM_DETAIL><RECAP_BY_ROOM total="2478.21"><RECAP_GROUP desc="WARYANTI__KENNICOTT_" subtotal="2478.21" subtotalPercentage="100"><RECAP_GROUPS><RECAP_GROUP desc="Main Level" subtotal="2478.21" subtotalPercentage="100"><SUBTOTAL_COV_INFO><COV name="Dwelling" rate="100" amount="2478.21"/></SUBTOTAL_COV_INFO><RECAP_GROUPS><RECAP_GROUP desc="Room1" items="2478.21" itemsPercentage="100"><ITEMS_COV_INFO><COV name="Dwelling" rate="100" amount="2478.21"/></ITEMS_COV_INFO></RECAP_GROUP></RECAP_GROUPS></RECAP_GROUP></RECAP_GROUPS><SUBTOTAL_COV_INFO><COV name="Dwelling" rate="100" amount="2478.21"/></SUBTOTAL_COV_INFO></RECAP_GROUP></RECAP_BY_ROOM><RECAP_BY_CATEGORY subtotalRCV="2500.44"><OP_ITEMS subtotalRCV="2478.21" subtotalPercentage="99.11"><CATEGORY desc="GENERAL DEMOLITION" rcv="1922.85" percentage="76.9"/><CATEGORY desc="WATER EXTRACTION &amp; REMEDIATION" rcv="555.36" percentage="22.21"/></OP_ITEMS><SALES_TAXES><SALES_TAX desc="Material Sales Tax" percentage="0.89" rcv="22.23"/></SALES_TAXES></RECAP_BY_CATEGORY></GENERIC_ROUGHDRAFT>