<?xml version='1.0' encoding='UTF-8' ?>
  <XACTDOC>
    <XACTNET_INFO
      assignmentType = "1"
      transactionId = "007B17T"
      carrierId = "1860800"
      senderId = "1200000"
      recipientsXNAddress = "TEST.XNA.GL"
      recipientsXM8UserId = "LANCAST1"
      sendersXNAddress = "ACSC.HOME.WEB"
      carrierAttribute2 = "ClaimsPortalACSC"
      carrierOffice1 = "California"
      carrierOffice2 = "Los Angeles"
      carrierOffice3 = "Los Angeles"
      sendersOfficeDescription1 = "California"
      sendersOfficeDescription2 = "Los Angeles"
      sendersOfficeDescription3 = "Los Angeles"
      recipientsId = "E657025"
      rotationTrade = "General"
      jobSizeCode = "2"
      emergency = "0"
      transactionType = "EST,ASG"
      estimateCount = "1"
      carrierName = "ACE - Staff"
      mitigation = "0"
      profileCode = "76"
    >
      <CONTROL_POINTS
        testAssignment = "0"
      />
      <ATTACHMENTS>
        <ATT_FILE
          fileName = "GENERIC_ROUGHDRAFT.XML"
          fileDesc = "Rough Draft XML"
          fileDate = "2020-09-23T08:37:49"
          fileType = "XML"
        />
        <ATT_FILE
          fileName = "Sketch_Summary.PDF"
          fileDesc = "Sketch Summary"
          fileDate = "2020-09-23T08:37:49"
          fileType = "PDF"
        />
        <ATT_FILE
          fileName = "ESTIMATE_AUDIT_REPORT.PDF"
          fileDesc = "ESTIMATE AUDIT REPORT"
          fileDate = "2020-09-23T08:37:49"
          fileType = "PDF"
        />
        <ATT_FILE
          fileName = "VARIATION_REPORT.PDF"
          fileDesc = "VARIATION REPORT"
          fileDate = "2020-09-23T08:37:49"
          fileType = "PDF"
        />
        <ATT_FILE
          fileName = "FINAL_DRAFT_WITH_AGE_LIFE_AND_CONDITION_Report.PDF"
          fileDesc = "FINAL DRAFT WITH AGE LIFE AND CONDITION Report"
          fileDate = "2020-09-23T08:37:49"
          fileType = "PDF"
        />
        <ATT_FILE
          fileName = "Report_Rough_Draft.PDF"
          fileDesc = "Report Rough Draft"
          fileDate = "2020-09-23T08:37:49"
          fileType = "PDF"
        />
        <ATT_FILE
          fileName = "FINAL_DRAFT_BY_COVERAGE_TYPE_Report.PDF"
          fileDesc = "FINAL DRAFT BY COVERAGE TYPE Report"
          fileDate = "2020-09-23T08:37:49"
          fileType = "PDF"
        />
        <ATT_FILE
          fileName = "XACTDOC.XML"
          fileDesc = "Stndard Carrier Export XML"
          fileDate = "2020-09-23T08:37:49"
          fileType = "XML"
        />
      </ATTACHMENTS>
      <SUMMARY
        homeOwnerItems = "0.00"
        contractorItems = "2500.44"
        estimateLineItemTotal = "2478.21"
        minimumChargeAdjustments = "0.00"
        overhead = "0.00"
        profit = "0.00"
        salesTax = "22.23"
        grossEstimate = "2500.44"
        recoverableDepreciation = "0.00"
        nonRecoverableDepreciation = "0.00"
        netEstimate = "2000.44"
        priceListLineItemTotal = "2478.21"
        deductible = "500.00"
      />
    </XACTNET_INFO>
    <CONTACTS>
      <CONTACT
        type = "Client"
        name = "WARYANTI, KENNICOTT &#38; WARYANTI, AIMAR"
        qcode = ""
        birthDate = ""
        reference = ""
        language = ""
        title = ""
      >
        <ADDRESSES>
          <ADDRESS
            type = "Home"
            street = "6543 HEREFORD DR"
            city = "LOS ANGELES"
            state = "CA"
            postal = "90022-5427"
            country = "US"
          />
          <ADDRESS
            type = "Property"
            street = "6543 HEREFORD DR"
            city = "LOS ANGELES"
            state = "CA"
            postal = "90022-5427"
            country = "US"
            lat = "34.0094"
            lon = "-118.1323"
          />
        </ADDRESSES>
        <CONTACTMETHODS>
          <PHONE
            type = "Business"
            number = "999-999-9999"
          />
          <PHONE
            type = "Home"
            number = "846-248-3551"
          />
          <EMAIL
            address = "torres.paola@aaa-calif.com"
          />
        </CONTACTMETHODS>
      </CONTACT>
      <CONTACT
        type = "Estimator"
        name = "Gabe"
        qcode = "GABE"
        birthDate = ""
        reference = ""
        language = ""
        position = ""
        title = ""
      >
        <ADDRESSES/>
        <CONTACTMETHODS>
          <EMAIL
            address = ""
          />
        </CONTACTMETHODS>
      </CONTACT>
      <CONTACT
        type = "ClaimRep"
        name = "Gabe"
        qcode = "GABE"
        birthDate = ""
        reference = ""
        language = ""
        title = ""
      >
        <ADDRESSES/>
        <CONTACTMETHODS>
          <EMAIL
            address = ""
          />
        </CONTACTMETHODS>
      </CONTACT>
      <CONTACT
        type = "Claimant"
        name = ""
        qcode = ""
        birthDate = ""
        reference = ""
        language = ""
        title = ""
      >
        <ADDRESSES/>
        <CONTACTMETHODS>
          <EMAIL
            address = ""
          />
        </CONTACTMETHODS>
      </CONTACT>
    </CONTACTS>
    <PROJECT_INFO
      assignmentCode = "003121498-8-"
      name = "WARYANTI__KENNICOTT_"
      version = "16"
      profile = "76"
      xactnetAddress = "ACSC.HOME.WEB"
      created = "2020-09-23T13:37:09Z"
      userId = "LANCAST1"
      status = "Completed"
      showIADeskAdjuster = "1"
      showDeskAdjuster = "1"
    >
      <NOTES><![CDATA[From: ACE - Staff

ASSIGNMENT PROFILE:
Type: Normal
Claim Rep: 
Date of Loss: 09/09/2020
Claim Number: 003121498-8-W
Insured Name: WARYANTI, KENNICOTT & WARYANTI, AIMAR
Day Phone: (999) 999-9999
Evening Phone: (846) 248-3551

Type of Loss: Other
Job Type: General
Location of Property: 6543 HEREFORD DR, LOS ANGELES, CA 90022-5427

Instructions:
HO48 Additional Limit On Other Structures Endorsement
HO402 AAA YourHome Package
2395 Amendatory Endorsement
HO216 Alarm Or Fire Protection System Endorsement
Other Perils Deductible: 500
Water Deductible: 500
Policy Type: HOB
Square Footage: 1980
Year of Construction: 1941

Roof Year 1942
Roof Type Composition
1263


Assignment Received by XactAnalysis:  09/23/2020 06:42AM MT
(XactAnalysis ID: 007B17T)
]]></NOTES>
    </PROJECT_INFO>
    <ADM
      dateOfLoss = "2020-09-09T00:00:01"
      dateInspected = "2020-09-23T01:00:00"
      dateReceived = "2020-09-23T00:00:01"
      dateEntered = "2020-09-23T13:37:09Z"
      dateProjCompleted = "2020-09-23T16:33:55Z"
      dateContacted = "2020-09-22T01:00:00"
      agentCode = ""
      fileNumber = "003121498-8-W"
      onsite = "1"
      estimatedOnsite = "1"
      printOnsite = "1"
      onsitePayment = "1"
      denial = "Covered Loss"
    >
      <COVERAGE_LOSS
        claimNumber = "003121498-8-W"
        policyNumber = "CHO010100010"
        catastrophe = ""
        policyStart = "2019-11-08"
        policyEnd = "2020-11-08"
        dateInitCov = "1993-11-08"
        dedApplyAcrossAllUI = "1"
      >
        <TOL
          code = "OTHER"
          desc = "Other"
        />
        <COVERAGES
          lossOfUseReserve = "0"
          lossOfUse = "0"
          doNotApplyLimits = "0"
        >
          <COVERAGE
            covName = "Dwelling"
            id = "COV1"
            covType = "0"
            policyLimit = "444000"
            deductible = "500"
            applyTo = "0"
            coins = "0"
            reserveAmt = "0"
          >
            <LOSS_DATA
              deductApplied = "0"
              overLimits = "0"
            />
          </COVERAGE>
          <COVERAGE
            covName = "Extended Replacement Cost (HO280)"
            id = "COV4"
            covType = "0"
            policyLimit = "111000"
            deductible = "0"
            applyTo = "0"
            coins = "0"
            reserveAmt = "0"
            sharedDeductibleRefID = "1"
          >
            <LOSS_DATA
              deductApplied = "0"
              overLimits = "0"
            />
          </COVERAGE>
          <COVERAGE
            covName = "Other Structures"
            id = "COV20"
            covType = "0"
            policyLimit = "44400"
            deductible = "0"
            applyTo = "0"
            coins = "0"
            reserveAmt = "0"
            sharedDeductibleRefID = "1"
          >
            <LOSS_DATA
              deductApplied = "0"
              overLimits = "0"
            />
          </COVERAGE>
          <COVERAGE
            covName = "Add&#39;l Limits Other Structures (Endorsed)"
            id = "COV21"
            covType = "0"
            policyLimit = "8000"
            deductible = "0"
            applyTo = "0"
            coins = "0"
            reserveAmt = "0"
            sharedDeductibleRefID = "1"
          >
            <LOSS_DATA
              deductApplied = "0"
              overLimits = "0"
            />
          </COVERAGE>
          <COVERAGE
            covName = "Personal Property"
            id = "COV30"
            covType = "0"
            policyLimit = "333000"
            deductible = "0"
            applyTo = "0"
            coins = "0"
            reserveAmt = "0"
            sharedDeductibleRefID = "1"
          >
            <LOSS_DATA
              deductApplied = "0"
              overLimits = "0"
            />
          </COVERAGE>
          <COVERAGE
            covName = "Personal Property Off Premises"
            id = "COV60"
            covType = "0"
            policyLimit = "33300"
            deductible = "0"
            applyTo = "0"
            coins = "0"
            reserveAmt = "0"
            sharedDeductibleRefID = "1"
          >
            <LOSS_DATA
              deductApplied = "0"
              overLimits = "0"
            />
          </COVERAGE>
          <COVERAGE
            covName = "Loss of Use"
            id = "COV80"
            covType = "0"
            policyLimit = "88800"
            deductible = "0"
            applyTo = "0"
            coins = "0"
            reserveAmt = "0"
            sharedDeductibleRefID = "1"
          >
            <LOSS_DATA
              deductApplied = "0"
              overLimits = "0"
            />
          </COVERAGE>
        </COVERAGES>
      </COVERAGE_LOSS>
    </ADM>
    <CLAIM_INFO>
      <ADMIN_INFO
        branch = ""
      />
    </CLAIM_INFO>
    <PARAMS
      priceList = "CALA8X_SEP20"
      taxJurisdiction = "9.5%"
      checkpointPL = "CALA8X_SEP20"
      overhead = "0"
      profit = "0"
      cumulativeOP = "0"
      defaultRepairedBy = "Contractor"
      depMat = "1"
      maxDepr = "75"
    />
    <EMBEDDED_PL>
      <MINIMUMS>
        <MINIMUM
          id = "MIN1"
          desc = "Water extract/remediation labor minimum"
          amount = "161.96"
          cat = "WTR"
          sel = "MN-A"
        />
      </MINIMUMS>
    </EMBEDDED_PL>
  </XACTDOC>