<?xml version='1.0' encoding='UTF-8' ?><GENERIC_ROUGHDRAFT xmlns="http://xactware.com/generic_roughdraft.xsd" majorVersion="28" minorVersion="0" transactionId="007C6DC"><HEADER dateCreated="2020-10-15T11:50:20"/><COVERSHEET><ESTIMATE_INFO estimateName="CLOONEY__GEORGE" insuredName="CLOONEY, GEORGE" priceList="KYLX8X_OCT20" laborEff="Restoration/Service/Remodel" claimNumber="003123127-8-W" policyNumber="KYH000042151" typeOfLoss="Hurricane" deprMat="1" recipientsXNAddress="ACSC.TEST.PT" rotationTrade="Emergency" carrierId="1860800" estimateType="Structural"/><ADDRESSES><ADDRESS type="Property" street="895 STILLHOUSE HOLLOW RD" city="FRANKFORT" state="KY" zip="40601" primary="1"/><ADDRESS type="Home" street="895 STILLHOUSE HOLLOW RD" city="FRANKFORT" state="KY" zip="40601"/></ADDRESSES><PHONES><PHONE type="Home" primary="1" phone="714-888-9999"/></PHONES><CONTACTS><CONTACT type="ClaimRep" name="Paola Torres" title="EP" company="AAA"><PHONES><PHONE primary="1" type="Business" phone="714-111-1111"/></PHONES></CONTACT><CONTACT type="Estimator" name="Paola Torres" title="EP" company="AAA"><PHONES><PHONE primary="1" type="Business" phone="714-111-1111"/></PHONES></CONTACT></CONTACTS><DATES loss="2020-10-13" inspected="2020-10-15" completed="2020-10-15T15:50:15Z" received="2020-10-13" entered="2020-10-15T15:45:02Z" contacted="2020-10-15T15:46:00Z"/></COVERSHEET><COVERAGES><COVERAGE coverageName="Building Property" coverageType="0" id="16"><SUMMARY><TOTALS lineItemTotal="7589.7" subtotal="7957.44" rcv="7957.44" acv="7957.44" netClaim="7957.44"><SALES_TAXES><SALES_TAX desc="Material Sales Tax" amount="367.74" taxOP="OPonTax"/></SALES_TAXES><SIGNATURE estimator="Paola Torres" estimatorTitle="EP"/></TOTALS></SUMMARY></COVERAGE><COVERAGE coverageName="Personal Property" coverageType="0" id="30"/><COVERAGE coverageName="Loss of Use" coverageType="0" id="80"/></COVERAGES><RECAP_TAX_OP><TAXES><TAX_DETAIL taxNum="1" rate="6" desc="Material Sales Tax" amount="367.74"/><TAX_DETAIL taxNum="2" rate="6" desc="Total Tax"/><TAX_DETAIL taxNum="3" rate="6" desc="Mat. Tax on Struct."/></TAXES><LINE_ITEMS><TAXES><TAX_AMOUNT taxNum="1" amount="367.74"/></TAXES></LINE_ITEMS></RECAP_TAX_OP><LINE_ITEM_DETAIL total="7589.7"><GROUP desc="CLOONEY__GEORGE" total="7589.7" acvTotal="7957.44" rcvTotal="7957.44" tax="367.74"><ITEMS total="7589.7"><ITEM type="I" lineNum="1" cat="CAB" sel="BARGB" act="&amp;" actPrefix="R&amp;R" desc="Bar with granite top - Commercial" calc="15" qty="15" unit="LF" coverageName="Building Property" remove="7.41" replace="498.57" total="7589.7" acv="7589.7" deprType="2" recoverable="1" lifeExp="50" tax="367.74" acvTotal="7957.44" rcvTotal="7957.44" isPartOfInitSettle="1" laborTotal="1460.7" laborBase="590.85" laborBurden="325.5" laborMarkup="544.35" laborHours="26.71" material="6129" containsBSCDontApply="1"><ITEM_ACTS><ITEM_ACT act="-" labUnit="7.41" acvTotal="7.41" rcvTotal="7.41" trade="DMO"/><ITEM_ACT act="+" labUnit="89.97" matUnit="408.6" tax="24.52" acvTotal="523.09" rcvTotal="523.09" trade="CARP-FNC"/></ITEM_ACTS></ITEM></ITEMS><AREA_DIM_VARS sfWalls="1481.33" sfCeiling="1903.96" sfWallsCeiling="3385.29" sfFloor="1903.96" syFloor="211.55" lfFloorPerim="185.17" lfCeilingPerim="185.17" sfSkFloor="1903.96" sfSkTotalFloor="1966.13" sfSkIntWall="1481.33" sfSkExtWall="1690.5" lfSkExtWallPerim="187.83"/></GROUP><COV_BREAKDOWN total="7589.7" grandTotal="7957.44"><COV_AMOUNTS desc="Building Property" total="7589.7" totalPct="100" grandTotal="7957.44" grandTotalPct="100"/><COV_AMOUNTS desc="Personal Property"/><COV_AMOUNTS desc="Loss of Use"/></COV_BREAKDOWN></LINE_ITEM_DETAIL><RECAP_BY_ROOM total="7589.7"><RECAP_GROUP desc="CLOONEY__GEORGE" items="7589.7" itemsPercentage="100" subtotal="7589.7" subtotalPercentage="100"><ITEMS_COV_INFO><COV name="Building Property" rate="100" amount="7589.7"/></ITEMS_COV_INFO><SUBTOTAL_COV_INFO><COV name="Building Property" rate="100" amount="7589.7"/></SUBTOTAL_COV_INFO></RECAP_GROUP></RECAP_BY_ROOM><RECAP_BY_CATEGORY subtotalRCV="7957.44"><OP_ITEMS subtotalRCV="7589.7" subtotalPercentage="95.38"><CATEGORY desc="GENERAL DEMOLITION" rcv="111.15" percentage="1.4"/><CATEGORY desc="CABINETRY" rcv="7478.55" percentage="93.98"/></OP_ITEMS><SALES_TAXES><SALES_TAX desc="Material Sales Tax" percentage="4.62" rcv="367.74"/></SALES_TAXES></RECAP_BY_CATEGORY></GENERIC_ROUGHDRAFT>