<?xml version='1.0' encoding='UTF-8' ?>
  <XACTDOC>
    <XACTNET_INFO
      assignmentType = "1"
      transactionId = "007C6DC"
      carrierId = "1860800"
      senderId = "1200000"
      createdByReassignment = "1"
      sourceTransactionId = "007C6D9"
      recipientsXNAddress = "ACSC.TEST.PT"
      recipientsXM8UserId = "TORRES.P"
      sendersXNAddress = "ACSC.HOME.WEB"
      carrierAttribute2 = "ClaimsPortalACSC"
      recipientsId = "E648727"
      creatorsUserNumber = "34296B3572"
      rotationTrade = "Emergency"
      jobSizeCode = "2"
      emergency = "1"
      transactionType = "EST,ASG"
      estimateCount = "1"
      carrierName = "ACE - Staff"
      mitigation = "0"
      profileCode = "76"
      creatorsFirstName = "Paola"
      creatorsLastName = "Torres"
      creatorsEmailAddress = "Torres.Paola@aaa-calif.com"
    >
      <CONTROL_POINTS
        testAssignment = "0"
      />
      <ATTACHMENTS>
        <ATT_FILE
          fileName = "GENERIC_ROUGHDRAFT.XML"
          fileDesc = "Rough Draft XML"
          fileDate = "2020-10-15T12:50:36"
          fileType = "XML"
        />
        <ATT_FILE
          fileName = "VARIATION_REPORT.PDF"
          fileDesc = "VARIATION REPORT"
          fileDate = "2020-10-15T12:50:36"
          fileType = "PDF"
        />
        <ATT_FILE
          fileName = "FINAL_DRAFT_BY_COVERAGE_TYPE_Report.PDF"
          fileDesc = "FINAL DRAFT BY COVERAGE TYPE Report"
          fileDate = "2020-10-15T12:50:36"
          fileType = "PDF"
        />
        <ATT_FILE
          fileName = "Sketch_Summary.PDF"
          fileDesc = "Sketch Summary"
          fileDate = "2020-10-15T12:50:36"
          fileType = "PDF"
        />
        <ATT_FILE
          fileName = "FINAL_DRAFT_WITH_AGE_LIFE_AND_CONDITION_Report.PDF"
          fileDesc = "FINAL DRAFT WITH AGE LIFE AND CONDITION Report"
          fileDate = "2020-10-15T12:50:36"
          fileType = "PDF"
        />
        <ATT_FILE
          fileName = "Report_Rough_Draft.PDF"
          fileDesc = "Report Rough Draft"
          fileDate = "2020-10-15T12:50:36"
          fileType = "PDF"
        />
        <ATT_FILE
          fileName = "ESTIMATE_AUDIT_REPORT.PDF"
          fileDesc = "ESTIMATE AUDIT REPORT"
          fileDate = "2020-10-15T12:50:36"
          fileType = "PDF"
        />
        <ATT_FILE
          fileName = "XACTDOC.XML"
          fileDesc = "Stndard Carrier Export XML"
          fileDate = "2020-10-15T12:50:36"
          fileType = "XML"
        />
      </ATTACHMENTS>
      <SUMMARY
        homeOwnerItems = "0.00"
        contractorItems = "7957.44"
        estimateLineItemTotal = "7589.70"
        minimumChargeAdjustments = "0.00"
        overhead = "0.00"
        profit = "0.00"
        salesTax = "367.74"
        grossEstimate = "7957.44"
        recoverableDepreciation = "0.00"
        nonRecoverableDepreciation = "0.00"
        netEstimate = "7957.44"
        priceListLineItemTotal = "7589.70"
        deductible = "0.00"
      />
    </XACTNET_INFO>
    <CONTACTS>
      <CONTACT
        type = "Client"
        name = "CLOONEY, GEORGE"
        qcode = ""
        birthDate = ""
        reference = ""
        language = ""
        title = ""
      >
        <ADDRESSES>
          <ADDRESS
            type = "Home"
            street = "895 STILLHOUSE HOLLOW RD"
            city = "FRANKFORT"
            state = "KY"
            postal = "40601"
            country = "US"
          />
          <ADDRESS
            type = "Property"
            street = "895 STILLHOUSE HOLLOW RD"
            city = "FRANKFORT"
            state = "KY"
            postal = "40601"
            country = "US"
            lat = "38.3007"
            lon = "-84.8339"
          />
        </ADDRESSES>
        <CONTACTMETHODS>
          <PHONE
            type = "Home"
            number = "714-888-9999"
          />
          <EMAIL
            address = ""
          />
        </CONTACTMETHODS>
      </CONTACT>
      <CONTACT
        type = "Estimator"
        name = "Paola Torres"
        qcode = "PAOLA"
        birthDate = ""
        reference = ""
        language = ""
        position = "EP"
        title = ""
      >
        <ADDRESSES/>
        <CONTACTMETHODS>
          <PHONE
            type = "Business"
            number = "714-111-1111"
          />
          <EMAIL
            address = ""
          />
        </CONTACTMETHODS>
      </CONTACT>
      <CONTACT
        type = "ClaimRep"
        name = "Paola Torres"
        qcode = "PAOLA"
        birthDate = ""
        reference = ""
        language = ""
        title = ""
      >
        <ADDRESSES/>
        <CONTACTMETHODS>
          <PHONE
            type = "Business"
            number = "714-111-1111"
          />
          <EMAIL
            address = ""
          />
        </CONTACTMETHODS>
      </CONTACT>
      <CONTACT
        type = "Claimant"
        name = ""
        qcode = ""
        birthDate = ""
        reference = ""
        language = ""
        title = ""
      >
        <ADDRESSES/>
        <CONTACTMETHODS>
          <EMAIL
            address = ""
          />
        </CONTACTMETHODS>
      </CONTACT>
    </CONTACTS>
    <PROJECT_INFO
      assignmentCode = "003123127-8-"
      name = "CLOONEY__GEORGE"
      version = "16"
      profile = "76"
      xactnetAddress = "ACSC.HOME.WEB"
      created = "2020-10-15T18:45:02Z"
      userId = "TORRES.P"
      status = "Completed"
      showIADeskAdjuster = "1"
      showDeskAdjuster = "1"
    >
      <NOTES><![CDATA[From: ACE - Staff

ASSIGNMENT PROFILE:
Type: Emergency
Claim Rep: 
Date of Loss: 10/13/2020
Claim Number: 003123127-8-W
Insured Name: CLOONEY, GEORGE
Day Phone: (000) 000-0000
Evening Phone: (714) 888-9999

Type of Loss: Hurricane
Job Type: Emergency
Location of Property: 895 STILLHOUSE HOLLOW RD, FRANKFORT, KY 40601

Instructions:
HO-216 Alarm Or Fire Protection System
HO-299 Personal Property Replacement Cost
Risk Deductible: 1000
Policy Type: CON
Square Footage: 1200
Year of Construction: 2005

Roof Year 0
Roof Type Composition Shingles
1222


Assignment Received by XactAnalysis:  10/13/2020 02:04PM MT
(XactAnalysis ID: 007C6DC)
]]></NOTES>
    </PROJECT_INFO>
    <ADM
      dateOfLoss = "2020-10-13T00:00:01"
      dateInspected = "2020-10-13T14:08:02"
      dateReceived = "2020-10-13T00:00:01"
      dateEntered = "2020-10-15T15:45:02Z"
      dateProjCompleted = "2020-10-15T15:50:15Z"
      dateContacted = "2020-10-13T14:07:25"
      agentCode = ""
      fileNumber = "003123127-8-W"
      denial = "Covered Loss"
    >
      <COVERAGE_LOSS
        claimNumber = "003123127-8-W"
        policyNumber = "KYH000042151"
        catastrophe = ""
        policyStart = "2020-09-22"
        policyEnd = "2021-09-22"
        dateInitCov = "2020-09-22"
      >
        <TOL
          code = "HURRICANE"
          desc = "Hurricane"
        />
        <COVERAGES
          lossOfUseReserve = "0"
          lossOfUse = "0"
          doNotApplyLimits = "0"
        >
          <COVERAGE
            covName = "Building Property"
            id = "COV16"
            covType = "0"
            policyLimit = "65000"
            deductible = "0"
            applyTo = "0"
            coins = "0"
            reserveAmt = "0"
          >
            <LOSS_DATA
              deductApplied = "0"
              overLimits = "0"
            />
          </COVERAGE>
          <COVERAGE
            covName = "Personal Property"
            id = "COV30"
            covType = "0"
            policyLimit = "65000"
            deductible = "0"
            applyTo = "0"
            coins = "0"
            reserveAmt = "0"
          >
            <LOSS_DATA
              deductApplied = "0"
              overLimits = "0"
            />
          </COVERAGE>
          <COVERAGE
            covName = "Loss of Use"
            id = "COV80"
            covType = "0"
            policyLimit = "26000"
            deductible = "0"
            applyTo = "0"
            coins = "0"
            reserveAmt = "0"
          >
            <LOSS_DATA
              deductApplied = "0"
              overLimits = "0"
            />
          </COVERAGE>
        </COVERAGES>
      </COVERAGE_LOSS>
    </ADM>
    <CLAIM_INFO>
      <ADMIN_INFO
        branch = ""
      />
    </CLAIM_INFO>
    <PARAMS
      priceList = "KYLX8X_OCT20"
      taxJurisdiction = "6%"
      checkpointPL = "KYLX8X_OCT20"
      overhead = "0"
      profit = "0"
      cumulativeOP = "0"
      plModifiedDateTime = "2020-10-01T00:00:00"
      defaultRepairedBy = "Contractor"
      depMat = "1"
      maxDepr = "100"
    />
    <EMBEDDED_PL>
      <MINIMUMS>
        <MINIMUM
          id = "MIN1"
          desc = "Cabinetry labor minimum"
          amount = "140.66"
          cat = "CAB"
          sel = "MN-A"
        />
      </MINIMUMS>
    </EMBEDDED_PL>
  </XACTDOC>