<?xml version='1.0' encoding='UTF-8' ?>
  <XACTDOC>
    <XACTNET_INFO
      transactionId = "006HMQL"
    >
      <CONTROL_POINTS>
        <CONTROL_POINT
          stamp = "2020-05-12T14:52:29"
          type = "Custom document received"
          filename = "XNStreamFile.pdf"
        >
          <NOTES><![CDATA[XNStreamFile.pdf]]></NOTES>
        </CONTROL_POINT>
      </CONTROL_POINTS>
    </XACTNET_INFO>
    <ADM>
      <TYPESOFLOSS>
        <TYPEOFLOSS
          claimNumber = "005035803-8-X"
        />
      </TYPESOFLOSS>
    </ADM>
  </XACTDOC>