<?xml version='1.0' encoding='UTF-8' ?><GENERIC_ROUGHDRAFT xmlns="http://xactware.com/generic_roughdraft.xsd" majorVersion="28" minorVersion="0" transactionId="007BG8F"><HEADER dateCreated="2020-10-01T13:40:05"/><COVERSHEET><ESTIMATE_INFO estimateName="ESPADRON__SAIFUEDDIN" insuredName="ESPADRON, SAIFUEDDIN" priceList="MOSL8X_SEP20" laborEff="Restoration/Service/Remodel" claimNumber="003121974-8-W" policyNumber="MOH151032016" typeOfLoss="Ice/Snow" deprMat="1" recipientsXNAddress="ACSC.TEST.STAFF" rotationTrade="General" carrierId="1860800" estimateType="Structural"/><ADDRESSES><ADDRESS type="Property" street="843 PORTSDOWN RD" city="BALLWIN" state="MO" zip="63011-3042" primary="1"/><ADDRESS type="Home" street="843 PORTSDOWN RD" city="BALLWIN" state="MO" zip="63011-3042"/></ADDRESSES><PHONES><PHONE type="Home" primary="1" phone="429-551-3703"/></PHONES><CONTACTS><CONTACT type="ClaimRep" name="Paola Torres" title="EP" company="AAA"><PHONES><PHONE primary="1" type="Business" phone="714-111-1111"/></PHONES></CONTACT><CONTACT type="Estimator" name="Paola Torres" title="EP" company="AAA"><PHONES><PHONE primary="1" type="Business" phone="714-111-1111"/></PHONES></CONTACT></CONTACTS><DATES loss="2020-03-29" inspected="2020-10-01" completed="2020-10-01T18:39:59Z" received="2020-09-29" entered="2020-10-01T18:37:40Z" contacted="2020-10-01"/></COVERSHEET><COVERAGES><COVERAGE coverageName="Building Property" coverageType="0" id="16"><SUMMARY><TOTALS lineItemTotal="5673.9" subtotal="6063" rcv="6063" recDepr="867.58" depr="867.58" acv="5195.42" netClaim="5195.42" actualRecDepr="867.58" netClaimIfRec="6063"><SALES_TAXES><SALES_TAX desc="Material Sales Tax" amount="389.1" taxOP="OPonTax"/></SALES_TAXES><SIGNATURE estimator="Paola Torres" estimatorTitle="EP"/></TOTALS></SUMMARY></COVERAGE><COVERAGE coverageName="Personal Property" coverageType="0" id="30"/><COVERAGE coverageName="Personal Property Off Premises" coverageType="0" id="60"/><COVERAGE coverageName="Loss of Use" coverageType="0" id="80"/><COVERAGE coverageName="Loss Assessment (Endorsed)" coverageType="0" id="110"/></COVERAGES><RECAP_TAX_OP><TAXES><TAX_DETAIL taxNum="1" rate="8.738" desc="Material Sales Tax" amount="389.1"/><TAX_DETAIL taxNum="2" rate="8.738" desc="Manuf. Home Tax"/><TAX_DETAIL taxNum="3" rate="5.738" desc="Food Tax"/></TAXES><LINE_ITEMS><TAXES><TAX_AMOUNT taxNum="1" amount="389.1"/></TAXES></LINE_ITEMS></RECAP_TAX_OP><LINE_ITEM_DETAIL total="5673.9"><GROUP desc="ESPADRON__SAIFUEDDIN" total="5673.9" acvTotal="5195.42" rcvTotal="6063" tax="389.1"><ITEMS total="5673.9"><ITEM type="I" lineNum="1" cat="CAB" sel="BARGB" act="&amp;" actPrefix="R&amp;R" desc="Bar with granite top - Commercial" calc="10" qty="10" unit="LF" coverageName="Building Property" remove="9.27" replace="546.62" total="5558.9" acv="4691.32" deprType="2" recoverable="1" age="10" lifeExp="50" depr="867.58" tax="379.05" acvTotal="5070.37" deprTotal="867.58" rcvTotal="5937.95" isPartOfInitSettle="1" laborTotal="1221" laborBase="531.3" laborBurden="243.8" laborMarkup="445.9" laborHours="1.82" material="4337.9" containsBSCDontApply="1"><ITEM_ACTS><ITEM_ACT act="-" labUnit="9.27" acvTotal="9.27" rcvTotal="9.27" trade="DMO"/><ITEM_ACT act="+" labUnit="112.83" matUnit="433.79" tax="37.9" acvTotal="497.76" deprTotal="86.76" rcvTotal="584.52" trade="CARP-FNC"/></ITEM_ACTS></ITEM><ITEM type="I" lineNum="3" cat="AMA" sel="AMMC+" act="+" desc="Motorcycle / Scooter / ATV cover - High grade" calc="1" qty="1" unit="EA" coverageName="Building Property" replace="115" total="115" acv="115" deprType="2" recoverable="1" lifeExp="10" tax="10.05" acvTotal="125.05" rcvTotal="125.05" isPartOfInitSettle="1" material="115" isNonOP="1" isHomeowner="1"><ITEM_ACTS><ITEM_ACT act="+" matUnit="115"/></ITEM_ACTS></ITEM></ITEMS><AREA_DIM_VARS sfWalls="472" sfCeiling="210" sfWallsCeiling="682" sfFloor="210" syFloor="23.33" lfFloorPerim="59" lfCeilingPerim="59" sfSkFloor="210" sfSkTotalFloor="230.11" sfSkIntWall="472" sfSkExtWall="555" lfSkExtWallPerim="61.67"/></GROUP><COV_BREAKDOWN total="5673.9" grandTotal="5195.42"><COV_AMOUNTS desc="Building Property" total="5673.9" totalPct="100" grandTotal="5195.42" grandTotalPct="100"/><COV_AMOUNTS desc="Personal Property"/><COV_AMOUNTS desc="Personal Property Off Premises"/><COV_AMOUNTS desc="Loss of Use"/><COV_AMOUNTS desc="Loss Assessment (Endorsed)"/></COV_BREAKDOWN></LINE_ITEM_DETAIL><RECAP_BY_ROOM total="5673.9"><RECAP_GROUP desc="ESPADRON__SAIFUEDDIN" items="5673.9" itemsPercentage="100" subtotal="5673.9" subtotalPercentage="100"><ITEMS_COV_INFO><COV name="Building Property" rate="100" amount="5673.9"/></ITEMS_COV_INFO><SUBTOTAL_COV_INFO><COV name="Building Property" rate="100" amount="5673.9"/></SUBTOTAL_COV_INFO></RECAP_GROUP></RECAP_BY_ROOM><RECAP_BY_CATEGORY subtotalRCV="6063" subtotalDeprec="867.58" subtotalACV="5195.42"><OP_ITEMS subtotalRCV="5558.9" subtotalDeprec="867.58" subtotalACV="4691.32"><CATEGORY desc="GENERAL DEMOLITION" rcv="92.7" acv="92.7"/><CATEGORY desc="CABINETRY" rcv="5466.2" deprec="867.58" acv="4598.62"/></OP_ITEMS><NON_OP_ITEMS subtotalRCV="115" subtotalACV="115"><CATEGORY desc="AUTOMOTIVE &amp; MOTORCYCLE ACC." rcv="115" acv="115"/></NON_OP_ITEMS><SALES_TAXES><SALES_TAX desc="Material Sales Tax" rcv="389.1" acv="389.1"/></SALES_TAXES></RECAP_BY_CATEGORY></GENERIC_ROUGHDRAFT>