<?xml version='1.0' encoding='UTF-8' ?><GENERIC_ROUGHDRAFT xmlns="http://xactware.com/generic_roughdraft.xsd" majorVersion="28" minorVersion="0" transactionId="007B180"><HEADER dateCreated="2020-09-23T09:23:16"/><COVERSHEET><ESTIMATE_INFO estimateName="DAVILA__EVERARDO_&amp;_D" insuredName="DAVILA, EVERARDO &amp; DAVILA, OLGA" priceList="TXHO8X_SEP20" laborEff="Restoration/Service/Remodel" claimNumber="003098255-8-W" policyNumber="THO015010002" typeOfLoss="Collapse" deprMat="1" onsite="1" estimatedOnsite="1" recipientsXNAddress="TEST.XNA.GL" rotationTrade="General" carrierId="1860800" usedAerialSketch="1" estimateType="Structural"/><ADDRESSES><ADDRESS type="Property" street="11707 MOORCREEK DR" city="HOUSTON" state="TX" zip="77070-2594" primary="1"/><ADDRESS type="Home" street="11707 MOORCREEK DR" city="HOUSTON" state="TX" zip="77070-2594"/></ADDRESSES><CONTACTS><CONTACT type="ClaimRep" name="Gabe"/><CONTACT type="Estimator" name="Gabe"/></CONTACTS><DATES loss="2020-01-09" inspected="2020-09-23T05:00:00Z" completed="2020-09-23T14:23:15Z" received="2020-01-29" entered="2020-09-23T13:42:02Z" contacted="2020-09-23T05:00:00Z"/></COVERSHEET><COVERAGES><COVERAGE deductible="2000" coverageName="Dwelling" coverageType="0" id="1"><SUMMARY><TOTALS lineItemTotal="10621.52" subtotal="10912.57" rcv="10912.57" recDepr="1355.67" depr="1355.67" acv="9556.9" deductible="2000" fullDeduct="2000" netClaim="7556.9" actualRecDepr="1355.67" netClaimIfRec="8912.57"><SALES_TAXES><SALES_TAX desc="Material Sales Tax" amount="291.05" taxOP="OPonTax"/></SALES_TAXES><SIGNATURE estimator="Gabe"/></TOTALS></SUMMARY><LOSS_DATA rcl="10912.57" bd="1355.67" deductApplied="2000" acvLoss="9556.9" acvClaim="7556.9" rcvClaim="8912.57" potentialSuppClaim="1355.67" adjLossAmt="8912.57"/></COVERAGE><COVERAGE coverageName="Other Structures" coverageType="0" id="20"/><COVERAGE coverageName="Personal Property" coverageType="0" id="30"/><COVERAGE coverageName="Personal Property Off Premises" coverageType="0" id="60"/><COVERAGE coverageName="Loss of Use" coverageType="0" id="80"/></COVERAGES><RECAP_TAX_OP><TAXES><TAX_DETAIL taxNum="1" rate="8.25" desc="Material Sales Tax" amount="291.05"/><TAX_DETAIL taxNum="2" rate="8.25" desc="Cleaning Mtl Tax"/><TAX_DETAIL taxNum="3" rate="8.25" desc="Cleaning Sales Tax"/><TAX_DETAIL taxNum="4" rate="5" desc="Manuf. Home Tax"/><TAX_DETAIL taxNum="5" rate="8.25" desc="Storage Rental Tax"/><TAX_DETAIL taxNum="6" rate="8.25" desc="Total Tax"/></TAXES><LINE_ITEMS><TAXES><TAX_AMOUNT taxNum="1" amount="291.05"/></TAXES></LINE_ITEMS></RECAP_TAX_OP><LINE_ITEM_DETAIL homeownerTotal="3507.13" contractorTotal="8912.57" total="10621.52"><GROUP desc="DAVILA__EVERARDO_&amp;_D" total="10621.52" acvTotal="9556.9" rcvTotal="10912.57" tax="291.05"><GROUPS><GROUP desc="Main Level" total="10621.52" acvTotal="9556.9" rcvTotal="10912.57" tax="291.05"><GROUPS><GROUP desc="Roof1" total="10621.52" acvTotal="9556.9" rcvTotal="10912.57" tax="291.05"><ROOM_DIM_VARS sfSkRoof="2497.51" skRoofSquares="24.98" lfSkRoofPerim="185.8" lfSkRoofRidge="61.67"/><SUBROOMS><SUBROOM subroomNum="1" desc="ROOF2"><ROOM_DIM_VARS sfSkRoof="611.07" skRoofSquares="6.11" lfSkRoofPerim="63.01" lfSkRoofRidge="30.88"/></SUBROOM></SUBROOMS><ITEMS total="10621.52"><ITEM type="I" lineNum="1" cat="RFG" sel="ARMV" act="-" actPrefix="Remove" desc="Tear off, haul and dispose of comp. shingles - 3 tab" calc="SQ" qty="31.09" unit="SQ" coverageName="Dwelling" remove="53.52" total="1663.94" acv="1663.94" deprType="2" recoverable="1" age="10" lifeExp="25" acvTotal="1663.94" rcvTotal="1663.94" isPartOfInitSettle="1" laborTotal="1438.54" laborBase="492.16" laborBurden="255.25" laborMarkup="691.13" laborHours="29.48" equipment="225.4" containsBSCDontApply="1"><ITEM_ACTS><ITEM_ACT act="-" labUnit="46.27" equUnit="7.25" trade="DMO"/></ITEM_ACTS></ITEM><ITEM type="I" lineNum="3" cat="RFG" sel="240" act="+" desc="3 tab - 25 yr. - composition shingle roofing - incl. felt" calc="SQ*1.1" qty="34.19" unit="SQ" coverageName="Dwelling" replace="210.01" total="7180.24" acv="5963.35" deprType="2" recoverable="1" age="10" lifeExp="25" depr="1216.89" tax="250.98" acvTotal="6214.33" deprTotal="1216.89" rcvTotal="7431.22" isPartOfInitSettle="1" laborTotal="4138.01" laborBase="718.33" laborBurden="372.33" laborMarkup="3047.35" material="3042.23" containsBSCDontApply="1"><ITEM_ACTS><ITEM_ACT act="+" labUnit="121.03" matUnit="88.98" trade="RFG"/></ITEM_ACTS></ITEM><ITEM type="I" lineNum="4" cat="RFG" sel="VENTB" act="+" desc="Roof vent - turbine type" calc="2" qty="2" unit="EA" coverageName="Dwelling" replace="108.78" total="217.56" acv="180.25" deprType="2" recoverable="1" age="10" lifeExp="35" depr="37.31" tax="10.77" acvTotal="191.02" deprTotal="37.31" rcvTotal="228.33" isPartOfInitSettle="1" laborTotal="86.98" laborBase="15.1" laborBurden="7.82" laborMarkup="64.06" material="130.58" containsBSCDontApply="1"><ITEM_ACTS><ITEM_ACT act="+" labUnit="43.49" matUnit="65.29" trade="RFG"/></ITEM_ACTS></ITEM><ITEM type="I" lineNum="5" cat="RFG" sel="FLPIPE" act="+" desc="Flashing - pipe jack" calc="3" qty="3" unit="EA" coverageName="Dwelling" replace="38.23" total="114.69" acv="105.23" deprType="2" recoverable="1" age="10" lifeExp="35" depr="9.46" tax="2.73" acvTotal="107.96" deprTotal="9.46" rcvTotal="117.42" isPartOfInitSettle="1" laborTotal="81.57" laborBase="14.16" laborBurden="7.35" laborMarkup="60.06" material="33.12" containsBSCDontApply="1"><ITEM_ACTS><ITEM_ACT act="+" labUnit="27.19" matUnit="11.04" trade="RFG"/></ITEM_ACTS></ITEM><ITEM type="I" lineNum="6" cat="RFG" sel="VMTLWP" act="+" desc="Valley metal - (W) profile - painted" calc="VAL" qty="33.55" unit="LF" coverageName="Dwelling" replace="7.14" total="239.55" acv="200.15" deprType="2" recoverable="1" age="10" lifeExp="35" depr="39.4" tax="11.38" acvTotal="211.53" deprTotal="39.4" rcvTotal="250.93" isPartOfInitSettle="1" laborTotal="101.66" laborBase="17.78" laborBurden="9.06" laborMarkup="74.82" material="137.89" containsBSCDontApply="1"><ITEM_ACTS><ITEM_ACT act="+" labUnit="3.03" matUnit="4.11" trade="RFG"/></ITEM_ACTS></ITEM><ITEM type="I" lineNum="7" cat="RFG" sel="DRIP" act="+" desc="Drip edge" calc="P" qty="248.81" unit="LF" coverageName="Dwelling" replace="2.1" total="522.5" acv="469.89" deprType="2" recoverable="1" age="10" lifeExp="35" depr="52.61" tax="15.19" acvTotal="485.08" deprTotal="52.61" rcvTotal="537.69" isPartOfInitSettle="1" laborTotal="338.38" laborBase="59.71" laborBurden="29.86" laborMarkup="248.81" material="184.12" containsBSCDontApply="1"><ITEM_ACTS><ITEM_ACT act="+" labUnit="1.36" matUnit="0.74" trade="RFG"/></ITEM_ACTS></ITEM><ITEM type="I" lineNum="8" cat="RFG" sel="HIGH" act="-" actPrefix="Remove" desc="Additional charge for high roof (2 stories or greater)" calc="SQ" qty="31.09" unit="SQ" coverageName="Dwelling" remove="5.16" total="160.42" acv="160.42" deprType="2" recoverable="1" age="10" acvTotal="160.42" rcvTotal="160.42" isPartOfInitSettle="1" laborTotal="160.42" laborBase="54.72" laborBurden="28.6" laborMarkup="77.1" laborHours="3.28" containsBSCDontApply="1"><ITEM_ACTS><ITEM_ACT act="-" labUnit="5.16" trade="DMO"/></ITEM_ACTS></ITEM><ITEM type="I" lineNum="9" cat="RFG" sel="HIGH" act="+" desc="Additional charge for high roof (2 stories or greater)" calc="SQ" qty="31.09" unit="SQ" coverageName="Dwelling" replace="16.81" total="522.62" acv="522.62" deprType="2" recoverable="1" age="10" acvTotal="522.62" rcvTotal="522.62" isPartOfInitSettle="1" laborTotal="522.62" laborBase="90.78" laborBurden="46.95" laborMarkup="384.89" laborHours="4.48" containsBSCDontApply="1"><ITEM_ACTS><ITEM_ACT act="+" labUnit="16.81" trade="RFG"/></ITEM_ACTS></ITEM></ITEMS></GROUP></GROUPS></GROUP></GROUPS><AREA_DIM_VARS sfSkExtWall="274.37" sfSkRoof="3108.58" skRoofSquares="31.09" lfSkRoofPerim="497.61" lfSkRoofRidge="92.55"/></GROUP><COV_BREAKDOWN total="10621.52" grandTotal="9556.9"><COV_AMOUNTS desc="Dwelling" total="10621.52" totalPct="100" grandTotal="9556.9" grandTotalPct="100"/><COV_AMOUNTS desc="Other Structures"/><COV_AMOUNTS desc="Personal Property"/><COV_AMOUNTS desc="Personal Property Off Premises"/><COV_AMOUNTS desc="Loss of Use"/></COV_BREAKDOWN></LINE_ITEM_DETAIL><RECAP_BY_ROOM total="10621.52"><RECAP_GROUP desc="DAVILA__EVERARDO_&amp;_D" subtotal="10621.52" subtotalPercentage="100"><RECAP_GROUPS><RECAP_GROUP desc="Main Level" subtotal="10621.52" subtotalPercentage="100"><SUBTOTAL_COV_INFO><COV name="Dwelling" rate="100" amount="10621.52"/></SUBTOTAL_COV_INFO><RECAP_GROUPS><RECAP_GROUP desc="Roof1" items="10621.52" itemsPercentage="100"><ITEMS_COV_INFO><COV name="Dwelling" rate="100" amount="10621.52"/></ITEMS_COV_INFO></RECAP_GROUP></RECAP_GROUPS></RECAP_GROUP></RECAP_GROUPS><SUBTOTAL_COV_INFO><COV name="Dwelling" rate="100" amount="10621.52"/></SUBTOTAL_COV_INFO></RECAP_GROUP></RECAP_BY_ROOM><RECAP_BY_CATEGORY subtotalRCV="10912.57" subtotalDeprec="1355.67" subtotalACV="9556.9"><OP_ITEMS subtotalRCV="10621.52" subtotalDeprec="1355.67" subtotalACV="9265.85"><CATEGORY desc="GENERAL DEMOLITION" rcv="1824.36" acv="1824.36"/><CATEGORY desc="ROOFING" rcv="8797.16" deprec="1355.67" acv="7441.49"/></OP_ITEMS><SALES_TAXES><SALES_TAX desc="Material Sales Tax" rcv="291.05" acv="291.05"/></SALES_TAXES></RECAP_BY_CATEGORY></GENERIC_ROUGHDRAFT>