<?xml version='1.0' encoding='UTF-8' ?><GENERIC_ROUGHDRAFT xmlns="http://xactware.com/generic_roughdraft.xsd" majorVersion="28" minorVersion="0" transactionId="0079VW7"><HEADER dateCreated="2020-09-22T17:13:04"/><COVERSHEET><ESTIMATE_INFO estimateName="ESPADRON__SAIFUEDDIN" insuredName="ESPADRON, SAIFUEDDIN" priceList="MOSL8X_SEP20" laborEff="Restoration/Service/Remodel" claimNumber="003121306-8-W" policyNumber="MOH151032016" typeOfLoss="Freeze" deprMat="1" inspNotPerformed="1" recipientsXNAddress="TEST.XNA.GL" rotationTrade="General" carrierId="1860800" estimateType="Structural"/><ADDRESSES><ADDRESS type="Property" street="843 PORTSDOWN RD" city="BALLWIN" state="MO" zip="63011-3042" primary="1"/><ADDRESS type="Home" street="843 PORTSDOWN RD" city="BALLWIN" state="MO" zip="63011-3042"/></ADDRESSES><PHONES><PHONE type="Home" primary="1" phone="429-551-3703"/></PHONES><CONTACTS><CONTACT type="ClaimRep" name="Gabe"/><CONTACT type="Estimator" name="Gabe"/></CONTACTS><DATES loss="2020-03-29" completed="2020-09-22T22:13:03Z" received="2020-09-18" entered="2020-09-22T22:10:17Z" contacted="2020-09-22T05:00:00Z"/></COVERSHEET><COVERAGES><COVERAGE coverageName="Building Property" coverageType="0" id="16"><SUMMARY><TOTALS lineItemTotal="1568.37" subtotal="1573.18" rcv="1573.18" acv="1573.18" netClaim="1573.18"><SALES_TAXES><SALES_TAX desc="Material Sales Tax" amount="4.81" taxOP="OPonTax"/></SALES_TAXES><SIGNATURE estimator="Gabe"/></TOTALS></SUMMARY><LOSS_DATA rcl="1573.18" acvLoss="1573.18" acvClaim="1573.18" rcvClaim="1573.18" adjLossAmt="1573.18"/></COVERAGE><COVERAGE coverageName="Personal Property" coverageType="0" id="30"/><COVERAGE coverageName="Personal Property Off Premises" coverageType="0" id="60"/><COVERAGE coverageName="Loss of Use" coverageType="0" id="80"/><COVERAGE coverageName="Loss Assessment (Endorsed)" coverageType="0" id="110"/></COVERAGES><RECAP_TAX_OP><TAXES><TAX_DETAIL taxNum="1" rate="8.738" desc="Material Sales Tax" amount="4.81"/><TAX_DETAIL taxNum="2" rate="8.738" desc="Manuf. Home Tax"/><TAX_DETAIL taxNum="3" rate="5.738" desc="Food Tax"/></TAXES><LINE_ITEMS><TAXES><TAX_AMOUNT taxNum="1" amount="4.81"/></TAXES></LINE_ITEMS></RECAP_TAX_OP><LINE_ITEM_DETAIL homeownerTotal="1573.18" contractorTotal="1573.18" total="1568.37"><GROUP desc="ESPADRON__SAIFUEDDIN" total="1568.37" acvTotal="1573.18" rcvTotal="1573.18" tax="4.81"><ITEMS total="1415"><ITEM type="I" lineNum="1" cat="WTR" sel="DRY" act="+" desc="Air mover (per 24 hour period) - No monitoring" calc="40" qty="40" unit="EA" coverageName="Building Property" replace="29.25" total="1170" acv="1170" deprType="2" recoverable="1" acvTotal="1170" rcvTotal="1170" isPartOfInitSettle="1" equipment="1170"><ITEM_ACTS><ITEM_ACT act="+" equUnit="29.25"/></ITEM_ACTS></ITEM><ITEM type="I" lineNum="2" cat="DRY" sel="1/2" act="&amp;" actPrefix="R&amp;R" desc="1/2&quot; drywall - hung, taped, floated, ready for paint" calc="100" qty="100" unit="SF" coverageName="Building Property" remove="0.42" replace="2.03" total="245" acv="245" deprType="2" recoverable="1" lifeExp="150" tax="4.81" acvTotal="249.81" rcvTotal="249.81" isPartOfInitSettle="1" laborTotal="190" laborBase="74" laborBurden="35" laborMarkup="81" laborHours="2.77" material="55" containsBSCDontApply="1"><ITEM_ACTS><ITEM_ACT act="-" labUnit="0.42" acvTotal="0.42" rcvTotal="0.42" trade="DMO"/><ITEM_ACT act="+" labUnit="1.48" matUnit="0.55" tax="0.05" acvTotal="2.08" rcvTotal="2.08" trade="DRY"/></ITEM_ACTS></ITEM></ITEMS><GROUPS><GROUP desc="Labor Minimums Applied" total="153.37" acvTotal="153.37" rcvTotal="153.37"><ITEMS total="153.37"><ITEM type="I" lineNum="3" cat="DRY" sel="MN-A" act="+" desc="Drywall labor minimum" calc="1" qty="1" unit="EA" coverageName="Building Property" replace="153.37" total="153.37" acv="153.37" recoverable="1" acvTotal="153.37" rcvTotal="153.37" isPartOfInitSettle="0" laborTotal="153.37" laborBase="153.37"><ITEM_ACTS><ITEM_ACT act="+" labUnit="153.37"/></ITEM_ACTS></ITEM></ITEMS></GROUP></GROUPS></GROUP><COV_BREAKDOWN total="1568.37" grandTotal="1573.18"><COV_AMOUNTS desc="Building Property" total="1568.37" totalPct="100" grandTotal="1573.18" grandTotalPct="100"/><COV_AMOUNTS desc="Personal Property"/><COV_AMOUNTS desc="Personal Property Off Premises"/><COV_AMOUNTS desc="Loss of Use"/><COV_AMOUNTS desc="Loss Assessment (Endorsed)"/></COV_BREAKDOWN></LINE_ITEM_DETAIL><RECAP_BY_ROOM total="1568.37"><RECAP_GROUP desc="ESPADRON__SAIFUEDDIN" items="1415" itemsPercentage="90.22" subtotal="1568.37" subtotalPercentage="100"><ITEMS_COV_INFO><COV name="Building Property" rate="100" amount="1415"/></ITEMS_COV_INFO><RECAP_GROUPS><RECAP_GROUP desc="Labor Minimums Applied" items="153.37" itemsPercentage="9.78"><ITEMS_COV_INFO><COV name="Building Property" rate="100" amount="153.37"/></ITEMS_COV_INFO></RECAP_GROUP></RECAP_GROUPS><SUBTOTAL_COV_INFO><COV name="Building Property" rate="100" amount="1568.37"/></SUBTOTAL_COV_INFO></RECAP_GROUP></RECAP_BY_ROOM><RECAP_BY_CATEGORY subtotalRCV="1573.18"><OP_ITEMS subtotalRCV="1568.37" subtotalPercentage="99.69"><CATEGORY desc="GENERAL DEMOLITION" rcv="42" percentage="2.67"/><CATEGORY desc="DRYWALL" rcv="356.37" percentage="22.65"/><CATEGORY desc="WATER EXTRACTION &amp; REMEDIATION" rcv="1170" percentage="74.37"/></OP_ITEMS><SALES_TAXES><SALES_TAX desc="Material Sales Tax" percentage="0.31" rcv="4.81"/></SALES_TAXES></RECAP_BY_CATEGORY></GENERIC_ROUGHDRAFT>