<?xml version='1.0' encoding='UTF-8' ?><GENERIC_ROUGHDRAFT xmlns="http://xactware.com/generic_roughdraft.xsd" majorVersion="28" minorVersion="0" transactionId="007BG78"><HEADER dateCreated="2020-09-30T13:41:09"/><COVERSHEET><ESTIMATE_INFO estimateName="STALLINGS-BOAZ__NANC" insuredName="STALLINGS-BOAZ, NANCY" priceList="ILES8X_SEP20" laborEff="Restoration/Service/Remodel" claimNumber="003106095-8-W" policyNumber="P86917741" typeOfLoss="Water" deprMat="1" recipientsXNAddress="ACSC.TEST.STAFF" rotationTrade="General" carrierId="1860800" estimateType="Structural"/><ADDRESSES><ADDRESS type="Property" street="146 ASHLEY DR UNIT B" city="FAIRVIEW HEIGHTS" state="IL" zip="62208" primary="1"/><ADDRESS type="Home" street="0 ASHLEY DR UNIT B" city="FAIRVIEW HEIGHTS" state="IL" zip="62208"/></ADDRESSES><PHONES><PHONE type="Home" primary="1" phone="618-420-2873"/></PHONES><CONTACTS><CONTACT type="ClaimRep" name="Paola Torres" title="EP" company="AAA"><PHONES><PHONE primary="1" type="Business" phone="714-111-1111"/></PHONES></CONTACT><CONTACT type="Estimator" name="Paola Torres" title="EP" company="AAA"><PHONES><PHONE primary="1" type="Business" phone="714-111-1111"/></PHONES></CONTACT></CONTACTS><DATES loss="2020-01-26" inspected="2020-09-30" completed="2020-09-30T18:41:05Z" received="2020-05-20" entered="2020-09-30T18:39:04Z" contacted="2020-09-30"/></COVERSHEET><COVERAGES><COVERAGE coverageName="Dwelling" coverageType="0" id="1"><SUMMARY><TOTALS lineItemTotal="14780.51" subtotal="15694.94" rcv="15694.94" recDepr="4389.14" depr="4389.14" acv="11305.8" netClaim="11305.8" actualRecDepr="4389.14" netClaimIfRec="15694.94"><SALES_TAXES><SALES_TAX desc="Material Sales Tax" amount="914.43" taxOP="OPonTax"/></SALES_TAXES><SIGNATURE estimator="Paola Torres" estimatorTitle="EP"/></TOTALS></SUMMARY></COVERAGE><COVERAGE coverageName="Personal Property" coverageType="0" id="30"/><COVERAGE coverageName="Scheduled Personal Property (Endorsed)" coverageType="0" id="70"/><COVERAGE coverageName="Loss of Use" coverageType="0" id="80"/></COVERAGES><RECAP_TAX_OP><TAXES><TAX_DETAIL taxNum="1" rate="7.85" desc="Material Sales Tax" amount="914.43"/><TAX_DETAIL taxNum="2" rate="1" desc="Food &amp; Med State Tax"/><TAX_DETAIL taxNum="3" rate="1.25" desc="Food &amp; Med Local Tax"/></TAXES><LINE_ITEMS><TAXES><TAX_AMOUNT taxNum="1" amount="914.43"/></TAXES></LINE_ITEMS></RECAP_TAX_OP><LINE_ITEM_DETAIL total="14780.51"><GROUP desc="STALLINGS-BOAZ__NANC" total="14780.51" acvTotal="11305.8" rcvTotal="15694.94" tax="914.43"><ITEMS total="14780.51"><ITEM type="I" lineNum="1" cat="CAB" sel="BARGB" act="&amp;" actPrefix="R&amp;R" desc="Bar with granite top - Commercial" calc="20" qty="20" unit="LF" coverageName="Dwelling" remove="9.16" replace="598.77" total="12158.6" acv="7769.46" deprType="2" recoverable="1" age="23" lifeExp="50" depr="4389.14" tax="749.02" acvTotal="8518.48" deprTotal="4389.14" rcvTotal="12907.62" isPartOfInitSettle="1" laborTotal="2617" laborBase="1076" laborBurden="553.8" laborMarkup="987.2" laborHours="3.64" material="9541.6" containsBSCDontApply="1"><ITEM_ACTS><ITEM_ACT act="-" labUnit="9.16" acvTotal="9.16" rcvTotal="9.16" trade="DMO"/><ITEM_ACT act="+" labUnit="121.69" matUnit="477.08" tax="37.45" acvTotal="416.76" deprTotal="219.46" rcvTotal="636.22" trade="CARP-FNC"/></ITEM_ACTS></ITEM><ITEM type="I" lineNum="3" cat="APP" sel="CKIT&gt;" act="&amp;" actPrefix="R&amp;R" desc="Compact Kitchenette - 60&quot; - Range-Refrigerator-Sink" calc="1" qty="1" unit="EA" coverageName="Dwelling" remove="50.4" replace="2571.51" total="2621.91" acv="2621.91" deprType="2" recoverable="1" lifeExp="13" tax="165.41" acvTotal="2787.32" rcvTotal="2787.32" isPartOfInitSettle="1" laborTotal="514.82" laborBase="165.29" laborBurden="72.97" laborMarkup="276.56" laborHours="4.84" material="2107.09" containsBSCDontApply="1"><ITEM_ACTS><ITEM_ACT act="-" labUnit="50.4" acvTotal="50.4" rcvTotal="50.4" trade="DMO"/><ITEM_ACT act="+" labUnit="464.42" matUnit="2107.09" tax="165.41" acvTotal="2736.92" rcvTotal="2736.92" trade="PLM"/></ITEM_ACTS></ITEM></ITEMS><AREA_DIM_VARS sfWalls="1426.67" sfCeiling="1600.9" sfWallsCeiling="3027.56" sfFloor="1600.9" syFloor="177.88" lfFloorPerim="178.33" lfCeilingPerim="178.33" sfSkFloor="1600.9" sfSkTotalFloor="1660.78" sfSkIntWall="1426.67" sfSkExtWall="1629" lfSkExtWallPerim="181"/></GROUP><COV_BREAKDOWN total="14780.51" grandTotal="11305.8"><COV_AMOUNTS desc="Dwelling" total="14780.51" totalPct="100" grandTotal="11305.8" grandTotalPct="100"/><COV_AMOUNTS desc="Personal Property"/><COV_AMOUNTS desc="Scheduled Personal Property (Endorsed)"/><COV_AMOUNTS desc="Loss of Use"/></COV_BREAKDOWN></LINE_ITEM_DETAIL><RECAP_BY_ROOM total="14780.51"><RECAP_GROUP desc="STALLINGS-BOAZ__NANC" items="14780.51" itemsPercentage="100" subtotal="14780.51" subtotalPercentage="100"><ITEMS_COV_INFO><COV name="Dwelling" rate="100" amount="14780.51"/></ITEMS_COV_INFO><SUBTOTAL_COV_INFO><COV name="Dwelling" rate="100" amount="14780.51"/></SUBTOTAL_COV_INFO></RECAP_GROUP></RECAP_BY_ROOM><RECAP_BY_CATEGORY subtotalRCV="15694.94" subtotalDeprec="4389.14" subtotalACV="11305.8"><OP_ITEMS subtotalRCV="14780.51" subtotalDeprec="4389.14" subtotalACV="10391.37"><CATEGORY desc="GENERAL DEMOLITION" rcv="233.6" acv="233.6"/><CATEGORY desc="APPLIANCES" rcv="2571.51" acv="2571.51"/><CATEGORY desc="CABINETRY" rcv="11975.4" deprec="4389.14" acv="7586.26"/></OP_ITEMS><SALES_TAXES><SALES_TAX desc="Material Sales Tax" rcv="914.43" acv="914.43"/></SALES_TAXES></RECAP_BY_CATEGORY></GENERIC_ROUGHDRAFT>