<?xml version='1.0' encoding='UTF-8' ?>
  <XACTDOC>
    <XACTNET_INFO
      assignmentType = "1"
      transactionId = "007BG78"
      carrierId = "1860800"
      senderId = "1200000"
      recipientsXNAddress = "ACSC.TEST.STAFF"
      recipientsXM8UserId = "TORRES.P"
      sendersXNAddress = "ACSC-NON-IRP.HOME.WEB"
      carrierAttribute2 = "ClaimsPortalACSC"
      carrierOffice1 = "Illinois"
      carrierOffice2 = "Illinois"
      carrierOffice3 = "St. Clair"
      sendersOfficeDescription1 = "Illinois"
      sendersOfficeDescription2 = "Illinois"
      sendersOfficeDescription3 = "St. Clair"
      recipientsId = "FIELD_Q"
      rotationTrade = "General"
      jobSizeCode = "2"
      emergency = "0"
      transactionType = "EST,ASG"
      estimateCount = "1"
      carrierName = "ACE - Staff"
      mitigation = "0"
      profileCode = "76"
    >
      <CONTROL_POINTS
        testAssignment = "0"
      />
      <ATTACHMENTS>
        <ATT_FILE
          fileName = "GENERIC_ROUGHDRAFT.XML"
          fileDesc = "Rough Draft XML"
          fileDate = "2020-09-30T14:41:26"
          fileType = "XML"
        />
        <ATT_FILE
          fileName = "FINAL_DRAFT_BY_COVERAGE_TYPE_Report.PDF"
          fileDesc = "FINAL DRAFT BY COVERAGE TYPE Report"
          fileDate = "2020-09-30T14:41:26"
          fileType = "PDF"
        />
        <ATT_FILE
          fileName = "Report_Rough_Draft.PDF"
          fileDesc = "Report Rough Draft"
          fileDate = "2020-09-30T14:41:26"
          fileType = "PDF"
        />
        <ATT_FILE
          fileName = "Sketch_Summary.PDF"
          fileDesc = "Sketch Summary"
          fileDate = "2020-09-30T14:41:26"
          fileType = "PDF"
        />
        <ATT_FILE
          fileName = "ESTIMATE_AUDIT_REPORT.PDF"
          fileDesc = "ESTIMATE AUDIT REPORT"
          fileDate = "2020-09-30T14:41:26"
          fileType = "PDF"
        />
        <ATT_FILE
          fileName = "FINAL_DRAFT_WITH_AGE_LIFE_AND_CONDITION_Report.PDF"
          fileDesc = "FINAL DRAFT WITH AGE LIFE AND CONDITION Report"
          fileDate = "2020-09-30T14:41:26"
          fileType = "PDF"
        />
        <ATT_FILE
          fileName = "VARIATION_REPORT.PDF"
          fileDesc = "VARIATION REPORT"
          fileDate = "2020-09-30T14:41:26"
          fileType = "PDF"
        />
        <ATT_FILE
          fileName = "XACTDOC.XML"
          fileDesc = "Stndard Carrier Export XML"
          fileDate = "2020-09-30T14:41:26"
          fileType = "XML"
        />
      </ATTACHMENTS>
      <SUMMARY
        homeOwnerItems = "0.00"
        contractorItems = "15694.94"
        estimateLineItemTotal = "14780.51"
        minimumChargeAdjustments = "0.00"
        overhead = "0.00"
        profit = "0.00"
        salesTax = "914.43"
        grossEstimate = "15694.94"
        recoverableDepreciation = "4389.14"
        nonRecoverableDepreciation = "0.00"
        netEstimate = "11305.80"
        priceListLineItemTotal = "14780.51"
        deductible = "0.00"
      />
    </XACTNET_INFO>
    <CONTACTS>
      <CONTACT
        type = "Client"
        name = "STALLINGS-BOAZ, NANCY"
        qcode = ""
        mortgageHolder = "Scott Credit Union ISAOA ATIMA"
        birthDate = ""
        reference = ""
        language = ""
        title = ""
      >
        <ADDRESSES>
          <ADDRESS
            type = "Home"
            street = "0 ASHLEY DR UNIT B"
            city = "FAIRVIEW HEIGHTS"
            state = "IL"
            postal = "62208"
            country = "US"
          />
          <ADDRESS
            type = "Property"
            street = "146 ASHLEY DR UNIT B"
            city = "FAIRVIEW HEIGHTS"
            state = "IL"
            postal = "62208"
            country = "US"
            lat = "38.5781"
            lon = "-89.9804"
          />
        </ADDRESSES>
        <CONTACTMETHODS>
          <PHONE
            type = "Home"
            number = "618-420-2873"
          />
          <EMAIL
            address = ""
          />
        </CONTACTMETHODS>
      </CONTACT>
      <CONTACT
        type = "Estimator"
        name = "Paola Torres"
        qcode = "PAOLA"
        birthDate = ""
        reference = ""
        language = ""
        position = "EP"
        title = ""
      >
        <ADDRESSES/>
        <CONTACTMETHODS>
          <PHONE
            type = "Business"
            number = "714-111-1111"
          />
          <EMAIL
            address = ""
          />
        </CONTACTMETHODS>
      </CONTACT>
      <CONTACT
        type = "ClaimRep"
        name = "Paola Torres"
        qcode = "PAOLA"
        birthDate = ""
        reference = ""
        language = ""
        title = ""
      >
        <ADDRESSES/>
        <CONTACTMETHODS>
          <PHONE
            type = "Business"
            number = "714-111-1111"
          />
          <EMAIL
            address = ""
          />
        </CONTACTMETHODS>
      </CONTACT>
      <CONTACT
        type = "Claimant"
        name = ""
        qcode = ""
        birthDate = ""
        reference = ""
        language = ""
        title = ""
      >
        <ADDRESSES/>
        <CONTACTMETHODS>
          <EMAIL
            address = ""
          />
        </CONTACTMETHODS>
      </CONTACT>
    </CONTACTS>
    <PROJECT_INFO
      assignmentCode = "WEB"
      name = "STALLINGS-BOAZ__NANC"
      version = "16"
      profile = "76"
      xactnetAddress = "ACSC-NON-IRP.HOME.WEB"
      created = "2020-09-30T20:39:04Z"
      userId = "TORRES.P"
      status = "Completed"
      showIADeskAdjuster = "1"
      showDeskAdjuster = "1"
    >
      <NOTES><![CDATA[From: ACE - Staff

ASSIGNMENT PROFILE:
Type: Normal
Claim Rep: 
Date of Loss: 01/26/2020
Claim Number: 003106095-8-W
Insured Name: STALLINGS-BOAZ, NANCY
Day Phone: (000) 000-0000
Evening Phone: (618) 420-2873

Type of Loss: Water
Job Type: General
Location of Property: 146 ASHLEY DR UNIT B, FAIRVIEW HEIGHTS, IL 62208

Instructions:

Years of Membership: 003

CO2398 Co2398-Mine Subsidence-Living Units Only-Il
CO0461 Co0461-Scheduled Personal Property Endorsement
CO0490 Co0490-Personal Property Replacement Cost
CO0112 Co0112-Special Provisions - Il
Risk Deductible: 500
Policy Type: CON
Square Footage: 505
Year of Construction: 1986

Roof Year 2012
Roof Type Asphalt
test


Assignment Received by XactAnalysis:  09/29/2020 11:37AM MT
(XactAnalysis ID: 007BG78)
]]></NOTES>
    </PROJECT_INFO>
    <ADM
      dateOfLoss = "2020-01-26T00:00:01"
      dateInspected = "2020-09-30T00:00:00"
      dateReceived = "2020-05-20T00:00:01"
      dateEntered = "2020-09-30T18:39:04Z"
      dateProjCompleted = "2020-09-30T18:41:05Z"
      dateContacted = "2020-09-29T11:38:14"
      agentCode = ""
      fileNumber = "003106095-8-W"
      denial = "Covered Loss"
    >
      <COVERAGE_LOSS
        claimNumber = "003106095-8-W"
        policyNumber = "P86917741"
        catastrophe = ""
        policyStart = "2019-03-05"
        policyEnd = "2020-03-05"
        dateInitCov = "2017-03-05"
      >
        <TOL
          code = "WATER"
          desc = "Water"
        />
        <COVERAGES
          lossOfUseReserve = "0"
          lossOfUse = "0"
          doNotApplyLimits = "0"
        >
          <COVERAGE
            covName = "Dwelling"
            id = "COV1"
            covType = "0"
            policyLimit = "50000"
            deductible = "0"
            applyTo = "0"
            coins = "0"
            reserveAmt = "0"
          >
            <LOSS_DATA
              deductApplied = "0"
              overLimits = "0"
            />
          </COVERAGE>
          <COVERAGE
            covName = "Personal Property"
            id = "COV30"
            covType = "0"
            policyLimit = "51000"
            deductible = "0"
            applyTo = "0"
            coins = "0"
            reserveAmt = "0"
          >
            <LOSS_DATA
              deductApplied = "0"
              overLimits = "0"
            />
          </COVERAGE>
          <COVERAGE
            covName = "Scheduled Personal Property (Endorsed)"
            id = "COV70"
            covType = "0"
            policyLimit = "17385"
            deductible = "0"
            applyTo = "0"
            coins = "0"
            reserveAmt = "0"
          >
            <LOSS_DATA
              deductApplied = "0"
              overLimits = "0"
            />
          </COVERAGE>
          <COVERAGE
            covName = "Loss of Use"
            id = "COV80"
            covType = "0"
            policyLimit = "15300"
            deductible = "0"
            applyTo = "0"
            coins = "0"
            reserveAmt = "0"
          >
            <LOSS_DATA
              deductApplied = "0"
              overLimits = "0"
            />
          </COVERAGE>
        </COVERAGES>
      </COVERAGE_LOSS>
    </ADM>
    <CLAIM_INFO>
      <ADMIN_INFO
        branch = ""
      />
    </CLAIM_INFO>
    <PARAMS
      priceList = "ILES8X_SEP20"
      taxJurisdiction = "7.85%"
      checkpointPL = "ILES8X_SEP20"
      overhead = "0"
      profit = "0"
      cumulativeOP = "0"
      plModifiedDateTime = "2020-09-01T01:00:00"
      defaultRepairedBy = "Contractor"
      depMat = "1"
      maxDepr = "100"
    />
    <EMBEDDED_PL>
      <MINIMUMS>
        <MINIMUM
          id = "MIN1"
          desc = "Cabinetry labor minimum"
          amount = "190.25"
          cat = "CAB"
          sel = "MN-A"
        />
        <MINIMUM
          id = "MIN2"
          desc = "Plumbing labor minimum"
          amount = "302.06"
          cat = "PLM"
          sel = "MN-A"
        />
      </MINIMUMS>
    </EMBEDDED_PL>
  </XACTDOC>