<?xml version='1.0' encoding='UTF-8' ?><GENERIC_ROUGHDRAFT xmlns="http://xactware.com/generic_roughdraft.xsd" majorVersion="28" minorVersion="0" transactionId="00733WN"><HEADER dateCreated="2020-06-23T08:26:59"/><COVERSHEET><ESTIMATE_INFO estimateName="PELLICCIONE__SUGIRT1" insuredName="PELLICCIONE, SUGIRTHARAJ &amp; PELLICCIONE, SOURENE" priceList="CALA8X_JUN20" laborEff="Restoration/Service/Remodel" claimNumber="003112612-8-W" policyNumber="CHO012200018" typeOfLoss="Other" deprMat="1" recipientsXNAddress="ACSC.TEST.PT" rotationTrade="General" carrierId="1860800" estimateType="Structural"/><ADDRESSES><ADDRESS type="Property" street="1523 ELTON AVE" city="LOS ANGELES" state="CA" zip="90022-4204" primary="1"/><ADDRESS type="Home" street="1523 ELTON AVE" city="LOS ANGELES" state="CA" zip="90022-4204"/></ADDRESSES><PHONES><PHONE type="Home" primary="1" phone="846-242-2579"/></PHONES><CONTACTS><CONTACT type="ClaimRep" name="Paola Torres" title="EP" company="AAA"><PHONES><PHONE primary="1" type="Business" phone="714-111-1111"/></PHONES></CONTACT><CONTACT type="Estimator" name="Paola Torres" title="EP" company="AAA"><PHONES><PHONE primary="1" type="Business" phone="714-111-1111"/></PHONES></CONTACT></CONTACTS><DATES loss="2020-04-07" inspected="2020-06-23" completed="2020-06-23T15:26:56Z" received="2020-06-23" entered="2020-06-23T15:25:17Z" contacted="2020-06-23T15:25:00Z"/></COVERSHEET><COVERAGES><COVERAGE coverageName="Dwelling" coverageType="0" id="1"><SUMMARY><TOTALS lineItemTotal="5339.8" subtotal="5656.93" rcv="5656.93" recDepr="300.44" depr="300.44" acv="5356.49" netClaim="5356.49" actualRecDepr="300.44" netClaimIfRec="5656.93"><SALES_TAXES><SALES_TAX desc="Material Sales Tax" amount="317.13" taxOP="OPonTax"/></SALES_TAXES><SIGNATURE estimator="Paola Torres" estimatorTitle="EP"/></TOTALS></SUMMARY></COVERAGE><COVERAGE coverageName="Extended Replacement Cost (HO280)" coverageType="0" id="4"/><COVERAGE coverageName="Other Structures" coverageType="0" id="20"/><COVERAGE coverageName="Personal Property" coverageType="0" id="30"/><COVERAGE coverageName="Personal Property Off Premises" coverageType="0" id="60"/><COVERAGE coverageName="Loss of Use" coverageType="0" id="80"/></COVERAGES><RECAP_TAX_OP><TAXES><TAX_DETAIL taxNum="1" rate="9.5" desc="Material Sales Tax" amount="317.13"/><TAX_DETAIL taxNum="2" rate="9.5" desc="Storage Rental Tax"/></TAXES><LINE_ITEMS><TAXES><TAX_AMOUNT taxNum="1" amount="317.13"/></TAXES></LINE_ITEMS></RECAP_TAX_OP><LINE_ITEM_DETAIL total="5339.8"><GROUP desc="PELLICCIONE__SUGIRT1" total="5339.8" acvTotal="5356.49" rcvTotal="5656.93" tax="317.13"><ITEMS total="5339.8"><ITEM type="I" lineNum="1" cat="CAB" sel="COUNTER" act="&amp;" actPrefix="R&amp;R" desc="Service counter" calc="20" qty="20" unit="LF" coverageName="Dwelling" remove="11.7" replace="255.29" total="5339.8" acv="5039.36" deprType="2" recoverable="1" age="9" lifeExp="100" depr="300.44" tax="317.13" acvTotal="5356.49" deprTotal="300.44" rcvTotal="5656.93" isPartOfInitSettle="1" laborTotal="2001.6" laborBase="729" laborBurden="434.2" laborMarkup="838.4" laborHours="4.72" material="3338.2" containsBSCDontApply="1"><ITEM_ACTS><ITEM_ACT act="-" labUnit="11.7" acvTotal="11.7" rcvTotal="11.7" trade="DMO"/><ITEM_ACT act="+" labUnit="88.38" matUnit="166.91" tax="15.86" acvTotal="256.13" deprTotal="15.02" rcvTotal="271.15" trade="CARP-FNC"/></ITEM_ACTS></ITEM></ITEMS></GROUP><COV_BREAKDOWN total="5339.8" grandTotal="5356.49"><COV_AMOUNTS desc="Dwelling" total="5339.8" totalPct="100" grandTotal="5356.49" grandTotalPct="100"/><COV_AMOUNTS desc="Extended Replacement Cost (HO280)"/><COV_AMOUNTS desc="Other Structures"/><COV_AMOUNTS desc="Personal Property"/><COV_AMOUNTS desc="Personal Property Off Premises"/><COV_AMOUNTS desc="Loss of Use"/></COV_BREAKDOWN></LINE_ITEM_DETAIL><RECAP_BY_ROOM total="5339.8"><RECAP_GROUP desc="PELLICCIONE__SUGIRT1" items="5339.8" itemsPercentage="100"><ITEMS_COV_INFO><COV name="Dwelling" rate="100" amount="5339.8"/></ITEMS_COV_INFO></RECAP_GROUP></RECAP_BY_ROOM><RECAP_BY_CATEGORY subtotalRCV="5656.93" subtotalDeprec="300.44" subtotalACV="5356.49"><OP_ITEMS subtotalRCV="5339.8" subtotalDeprec="300.44" subtotalACV="5039.36"><CATEGORY desc="GENERAL DEMOLITION" rcv="234" acv="234"/><CATEGORY desc="CABINETRY" rcv="5105.8" deprec="300.44" acv="4805.36"/></OP_ITEMS><SALES_TAXES><SALES_TAX desc="Material Sales Tax" rcv="317.13" acv="317.13"/></SALES_TAXES></RECAP_BY_CATEGORY></GENERIC_ROUGHDRAFT>