<?xml version='1.0' encoding='UTF-8' ?><GENERIC_ROUGHDRAFT xmlns="http://xactware.com/generic_roughdraft.xsd" majorVersion="28" minorVersion="0" transactionId="00731P3"><HEADER dateCreated="2020-06-22T09:41:12"/><COVERSHEET><ESTIMATE_INFO estimateName="BAAKZA__THAKURI1" insuredName="BAAKZA, THAKURI" priceList="TXHO8X_JUN20" laborEff="Restoration/Service/Remodel" claimNumber="003112324-8-W" policyNumber="THO109610014" typeOfLoss="Hurricane" deprMat="1" recipientsXNAddress="ACSC.TEST.PT" rotationTrade="General" carrierId="1860800" estimateType="Structural"/><ADDRESSES><ADDRESS type="Property" street="2139 VINITA ST" city="HOUSTON" state="TX" zip="77034-1324" primary="1"/><ADDRESS type="Home" street="2139 VINITA ST" city="HOUSTON" state="TX" zip="77034-1324"/></ADDRESSES><PHONES><PHONE type="Home" primary="1" phone="266-394-5066"/></PHONES><CONTACTS><CONTACT type="ClaimRep" name="Paola Torres" title="EP" company="AAA"><PHONES><PHONE primary="1" type="Business" phone="714-111-1111"/></PHONES></CONTACT><CONTACT type="Estimator" name="Paola Torres" title="EP" company="AAA"><PHONES><PHONE primary="1" type="Business" phone="714-111-1111"/></PHONES></CONTACT></CONTACTS><DATES loss="2020-06-22" inspected="2020-06-22" completed="2020-06-22T14:41:08Z" received="2020-06-22" entered="2020-06-22T14:39:10Z" contacted="2020-06-22"/></COVERSHEET><COVERAGES><COVERAGE coverageName="Dwelling" coverageType="0" id="1"><SUMMARY><TOTALS lineItemTotal="5724.7" subtotal="6085.55" rcv="6085.55" recDepr="962.26" depr="962.26" acv="5123.29" netClaim="5123.29" actualRecDepr="962.26" netClaimIfRec="6085.55"><SALES_TAXES><SALES_TAX desc="Material Sales Tax" amount="360.85" taxOP="OPonTax"/></SALES_TAXES><SIGNATURE estimator="Paola Torres" estimatorTitle="EP"/></TOTALS></SUMMARY></COVERAGE><COVERAGE coverageName="Other Structures" coverageType="0" id="20"/><COVERAGE coverageName="Personal Property" coverageType="0" id="30"/><COVERAGE coverageName="Personal Property Off Premises" coverageType="0" id="60"/><COVERAGE coverageName="Loss of Use" coverageType="0" id="80"/></COVERAGES><RECAP_TAX_OP><TAXES><TAX_DETAIL taxNum="1" rate="8.25" desc="Material Sales Tax" amount="360.85"/><TAX_DETAIL taxNum="2" rate="8.25" desc="Cleaning Mtl Tax"/><TAX_DETAIL taxNum="3" rate="8.25" desc="Cleaning Sales Tax"/><TAX_DETAIL taxNum="4" rate="5" desc="Manuf. Home Tax"/><TAX_DETAIL taxNum="5" rate="8.25" desc="Storage Rental Tax"/><TAX_DETAIL taxNum="6" rate="8.25" desc="Total Tax"/></TAXES><LINE_ITEMS><TAXES><TAX_AMOUNT taxNum="1" amount="360.85"/></TAXES></LINE_ITEMS></RECAP_TAX_OP><LINE_ITEM_DETAIL total="5724.7"><GROUP desc="BAAKZA__THAKURI1" total="5724.7" acvTotal="5123.29" rcvTotal="6085.55" tax="360.85"><ITEMS total="5724.7"><ITEM type="I" lineNum="1" cat="CAB" sel="BARGB" act="&amp;" actPrefix="R&amp;R" desc="Bar with granite top - Commercial" calc="10" qty="10" unit="LF" coverageName="Dwelling" remove="8.75" replace="563.72" total="5724.7" acv="4762.44" deprType="2" recoverable="1" age="11" lifeExp="50" depr="962.26" tax="360.85" acvTotal="5123.29" deprTotal="962.26" rcvTotal="6085.55" isPartOfInitSettle="1" laborTotal="1350.8" laborBase="395.6" laborBurden="191.4" laborMarkup="763.8" laborHours="1.82" material="4373.9" containsBSCDontApply="1"><ITEM_ACTS><ITEM_ACT act="-" labUnit="8.75" acvTotal="8.75" rcvTotal="8.75" trade="DMO"/><ITEM_ACT act="+" labUnit="126.33" matUnit="437.39" tax="36.08" acvTotal="503.57" deprTotal="96.23" rcvTotal="599.8" trade="CARP-FNC"/></ITEM_ACTS></ITEM></ITEMS><AREA_DIM_VARS sfWalls="384" sfCeiling="144" sfWallsCeiling="528" sfFloor="144" syFloor="16" lfFloorPerim="48" lfCeilingPerim="48" sfSkFloor="144" sfSkTotalFloor="160.44" sfSkIntWall="384" sfSkExtWall="456" lfSkExtWallPerim="50.67"/></GROUP><COV_BREAKDOWN total="5724.7" grandTotal="5123.29"><COV_AMOUNTS desc="Dwelling" total="5724.7" totalPct="100" grandTotal="5123.29" grandTotalPct="100"/><COV_AMOUNTS desc="Other Structures"/><COV_AMOUNTS desc="Personal Property"/><COV_AMOUNTS desc="Personal Property Off Premises"/><COV_AMOUNTS desc="Loss of Use"/></COV_BREAKDOWN></LINE_ITEM_DETAIL><RECAP_BY_ROOM total="5724.7"><RECAP_GROUP desc="BAAKZA__THAKURI1" items="5724.7" itemsPercentage="100" subtotal="5724.7" subtotalPercentage="100"><ITEMS_COV_INFO><COV name="Dwelling" rate="100" amount="5724.7"/></ITEMS_COV_INFO><SUBTOTAL_COV_INFO><COV name="Dwelling" rate="100" amount="5724.7"/></SUBTOTAL_COV_INFO></RECAP_GROUP></RECAP_BY_ROOM><RECAP_BY_CATEGORY subtotalRCV="6085.55" subtotalDeprec="962.26" subtotalACV="5123.29"><OP_ITEMS subtotalRCV="5724.7" subtotalDeprec="962.26" subtotalACV="4762.44"><CATEGORY desc="GENERAL DEMOLITION" rcv="87.5" acv="87.5"/><CATEGORY desc="CABINETRY" rcv="5637.2" deprec="962.26" acv="4674.94"/></OP_ITEMS><SALES_TAXES><SALES_TAX desc="Material Sales Tax" rcv="360.85" acv="360.85"/></SALES_TAXES></RECAP_BY_CATEGORY></GENERIC_ROUGHDRAFT>