<?xml version='1.0' encoding='UTF-8' ?><GENERIC_ROUGHDRAFT xmlns="http://xactware.com/generic_roughdraft.xsd" majorVersion="28" minorVersion="0" transactionId="007B17V"><HEADER compName="TEST " dateCreated="2020-09-23T09:55:27"><COMP_INFO><![CDATA[Test\09]]></COMP_INFO></HEADER><COVERSHEET><ESTIMATE_INFO estimateName="ESPADRON__SAIFUEDDI1" insuredName="ESPADRON, SAIFUEDDIN" priceList="MOSL8X_SEP20" laborEff="Restoration/Service/Remodel" claimNumber="003121499-8-W" policyNumber="MOH151032016" typeOfLoss="Freeze" deprMat="1" inspNotPerformed="1" recipientsXNAddress="TEST.XNA.GL" rotationTrade="General" carrierId="1860800" estimateType="Structural"/><ADDRESSES><ADDRESS type="Property" street="843 PORTSDOWN RD" city="BALLWIN" state="MO" zip="63011-3042" primary="1"/><ADDRESS type="Home" street="843 PORTSDOWN RD" city="BALLWIN" state="MO" zip="63011-3042"/></ADDRESSES><PHONES><PHONE type="Home" primary="1" phone="429-551-3703"/></PHONES><CONTACTS><CONTACT type="ClaimRep" name="Gabe"/><CONTACT type="Estimator" name="Gabe"/></CONTACTS><DATES loss="2020-01-05" completed="2020-09-23T14:55:26Z" received="2020-09-23" entered="2020-09-23T13:37:09Z" contacted="2020-09-23"/><OPENING_STATEMENT><![CDATA[TEST STATEMENT 003121499-8-W\0A]]></OPENING_STATEMENT></COVERSHEET><COVERAGES><COVERAGE coverageName="Building Property" coverageType="0" id="16"><SUMMARY><TOTALS lineItemTotal="10000" subtotal="10000" rcv="10000" acv="10000" netClaim="10000"><PAYMENT_TRACKER ptEstValue="10000" ptNumItemActs="1"/><SIGNATURE estimator="Gabe"/></TOTALS></SUMMARY></COVERAGE><COVERAGE coverageName="Personal Property" coverageType="0" id="30"/><COVERAGE coverageName="Personal Property Off Premises" coverageType="0" id="60"/><COVERAGE coverageName="Loss of Use" coverageType="0" id="80"/><COVERAGE coverageName="Loss Assessment (Endorsed)" coverageType="0" id="110"/></COVERAGES><RECAP_TAX_OP><TAXES><TAX_DETAIL taxNum="1" rate="8.738" desc="Material Sales Tax"/><TAX_DETAIL taxNum="2" rate="8.738" desc="Manuf. Home Tax"/><TAX_DETAIL taxNum="3" rate="5.738" desc="Food Tax"/></TAXES></RECAP_TAX_OP><LINE_ITEM_DETAIL homeownerTotal="10000" contractorTotal="10000" total="10000"><GROUP desc="ESPADRON__SAIFUEDDI1" total="10000" acvTotal="10000" rcvTotal="10000"><ITEMS total="10000"><ITEM type="I" lineNum="1" cat="CAB" sel="BIDITM" act="+" desc="Cabinetry (Bid Item)" calc="1" qty="1" unit="EA" coverageName="Building Property" priceChanged="1" replace="10000" total="10000" acv="10000" deprType="2" recoverable="1" acvTotal="10000" rcvTotal="10000" isPartOfInitSettle="1" marketCond="10000"><ITEM_ACTS><ITEM_ACT act="+" mktUnit="10000"/></ITEM_ACTS></ITEM></ITEMS></GROUP><COV_BREAKDOWN total="10000" grandTotal="10000"><COV_AMOUNTS desc="Building Property" total="10000" totalPct="100" grandTotal="10000" grandTotalPct="100"/><COV_AMOUNTS desc="Personal Property"/><COV_AMOUNTS desc="Personal Property Off Premises"/><COV_AMOUNTS desc="Loss of Use"/><COV_AMOUNTS desc="Loss Assessment (Endorsed)"/></COV_BREAKDOWN></LINE_ITEM_DETAIL><RECAP_BY_ROOM total="10000"><RECAP_GROUP desc="ESPADRON__SAIFUEDDI1" items="10000" itemsPercentage="100"><ITEMS_COV_INFO><COV name="Building Property" rate="100" amount="10000"/></ITEMS_COV_INFO></RECAP_GROUP></RECAP_BY_ROOM><RECAP_BY_CATEGORY subtotalRCV="10000"><OP_ITEMS subtotalRCV="10000" subtotalPercentage="100"><CATEGORY desc="CABINETRY" rcv="10000" percentage="100"/></OP_ITEMS></RECAP_BY_CATEGORY></GENERIC_ROUGHDRAFT>