<?xml version='1.0' encoding='UTF-8' ?><GENERIC_ROUGHDRAFT xmlns="http://xactware.com/generic_roughdraft.xsd" majorVersion="28" minorVersion="0" transactionId="007BG8N"><HEADER dateCreated="2020-10-01T13:43:29"/><COVERSHEET><ESTIMATE_INFO estimateName="DAVILA__EVERARDO_&amp;_D" insuredName="DAVILA, EVERARDO &amp; DAVILA, OLGA" priceList="TXHO8X_SEP20" laborEff="Restoration/Service/Remodel" claimNumber="003098244-8-W" policyNumber="THO015010002" typeOfLoss="Hail" deprMat="1" recipientsXNAddress="ACSC.TEST.STAFF" rotationTrade="General" carrierId="1860800" estimateType="Structural"/><ADDRESSES><ADDRESS type="Property" street="11707 MOORCREEK DR" city="HOUSTON" state="TX" zip="77070-2594" primary="1"/><ADDRESS type="Home" street="11707 MOORCREEK DR" city="HOUSTON" state="TX" zip="77070-2594"/></ADDRESSES><CONTACTS><CONTACT type="ClaimRep" name="Paola Torres" title="EP" company="AAA"><PHONES><PHONE primary="1" type="Business" phone="714-111-1111"/></PHONES></CONTACT><CONTACT type="Estimator" name="Paola Torres" title="EP" company="AAA"><PHONES><PHONE primary="1" type="Business" phone="714-111-1111"/></PHONES></CONTACT></CONTACTS><DATES loss="2020-01-01" inspected="2020-10-01" completed="2020-10-01T18:43:23Z" received="2020-01-28" entered="2020-10-01T18:40:52Z" contacted="2020-10-01"/></COVERSHEET><COVERAGES><COVERAGE coverageName="Dwelling" coverageType="0" id="1"><SUMMARY><TOTALS lineItemTotal="8618.4" subtotal="9042.86" rcv="9042.86" recDepr="634.5" depr="634.5" acv="8408.36" netClaim="8408.36" actualRecDepr="634.5" netClaimIfRec="9042.86"><SALES_TAXES><SALES_TAX desc="Material Sales Tax" amount="424.46" taxOP="OPonTax"/></SALES_TAXES><SIGNATURE estimator="Paola Torres" estimatorTitle="EP"/></TOTALS></SUMMARY></COVERAGE><COVERAGE coverageName="Other Structures" coverageType="0" id="20"/><COVERAGE coverageName="Personal Property" coverageType="0" id="30"/><COVERAGE coverageName="Personal Property Off Premises" coverageType="0" id="60"/><COVERAGE coverageName="Loss of Use" coverageType="0" id="80"/></COVERAGES><RECAP_TAX_OP><TAXES><TAX_DETAIL taxNum="1" rate="8.25" desc="Material Sales Tax" amount="424.46"/><TAX_DETAIL taxNum="2" rate="8.25" desc="Cleaning Mtl Tax"/><TAX_DETAIL taxNum="3" rate="8.25" desc="Cleaning Sales Tax"/><TAX_DETAIL taxNum="4" rate="5" desc="Manuf. Home Tax"/><TAX_DETAIL taxNum="5" rate="8.25" desc="Storage Rental Tax"/><TAX_DETAIL taxNum="6" rate="8.25" desc="Total Tax"/></TAXES><LINE_ITEMS><TAXES><TAX_AMOUNT taxNum="1" amount="424.46"/></TAXES></LINE_ITEMS></RECAP_TAX_OP><LINE_ITEM_DETAIL total="8618.4"><GROUP desc="DAVILA__EVERARDO_&amp;_D" total="8618.4" acvTotal="8408.36" rcvTotal="9042.86" tax="424.46"><ITEMS total="8618.4"><ITEM type="I" lineNum="1" cat="CNC" sel="BENCH" act="&amp;" actPrefix="R&amp;R" desc="Concrete bench" calc="45" qty="45" unit="LF" coverageName="Dwelling" remove="12.21" replace="81.79" total="4230" acv="4230" deprType="2" recoverable="1" lifeExp="150" tax="133.65" acvTotal="4363.65" rcvTotal="4363.65" isPartOfInitSettle="1" laborTotal="2610" laborBase="648.9" laborBurden="315.45" laborMarkup="1645.65" laborHours="33.69" material="1620" containsBSCDontApply="1"><ITEM_ACTS><ITEM_ACT act="-" labUnit="12.21" acvTotal="12.21" rcvTotal="12.21" trade="DMO"/><ITEM_ACT act="+" labUnit="45.79" matUnit="36" tax="2.97" acvTotal="84.76" rcvTotal="84.76" trade="CNC"/></ITEM_ACTS></ITEM><ITEM type="I" lineNum="3" cat="CAB" sel="CLASS" act="&amp;" actPrefix="R&amp;R" desc="Classroom cabinetry - storage cabinets - full height" calc="15" qty="15" unit="LF" coverageName="Dwelling" remove="8.8" replace="283.76" total="4388.4" acv="3753.9" deprType="2" recoverable="1" age="9" lifeExp="50" depr="634.5" tax="290.81" acvTotal="4044.71" deprTotal="634.5" rcvTotal="4679.21" isPartOfInitSettle="1" laborTotal="863.4" laborBase="257.55" laborBurden="120.6" laborMarkup="485.25" laborHours="2.7" material="3525" containsBSCDontApply="1"><ITEM_ACTS><ITEM_ACT act="-" labUnit="8.8" acvTotal="8.8" rcvTotal="8.8" trade="DMO"/><ITEM_ACT act="+" labUnit="48.76" matUnit="235" tax="19.39" acvTotal="260.85" deprTotal="42.3" rcvTotal="303.15" trade="CARP-FNC"/></ITEM_ACTS></ITEM></ITEMS><AREA_DIM_VARS sfWalls="972" sfCeiling="585" sfWallsCeiling="1557" sfFloor="585" syFloor="65" lfFloorPerim="121.5" lfCeilingPerim="121.5" sfSkFloor="585" sfSkTotalFloor="625.94" sfSkIntWall="972" sfSkExtWall="1117.5" lfSkExtWallPerim="124.17"/></GROUP><COV_BREAKDOWN total="8618.4" grandTotal="8408.36"><COV_AMOUNTS desc="Dwelling" total="8618.4" totalPct="100" grandTotal="8408.36" grandTotalPct="100"/><COV_AMOUNTS desc="Other Structures"/><COV_AMOUNTS desc="Personal Property"/><COV_AMOUNTS desc="Personal Property Off Premises"/><COV_AMOUNTS desc="Loss of Use"/></COV_BREAKDOWN></LINE_ITEM_DETAIL><RECAP_BY_ROOM total="8618.4"><RECAP_GROUP desc="DAVILA__EVERARDO_&amp;_D" items="8618.4" itemsPercentage="100" subtotal="8618.4" subtotalPercentage="100"><ITEMS_COV_INFO><COV name="Dwelling" rate="100" amount="8618.4"/></ITEMS_COV_INFO><SUBTOTAL_COV_INFO><COV name="Dwelling" rate="100" amount="8618.4"/></SUBTOTAL_COV_INFO></RECAP_GROUP></RECAP_BY_ROOM><RECAP_BY_CATEGORY subtotalRCV="9042.86" subtotalDeprec="634.5" subtotalACV="8408.36"><OP_ITEMS subtotalRCV="8618.4" subtotalDeprec="634.5" subtotalACV="7983.9"><CATEGORY desc="GENERAL DEMOLITION" rcv="681.45" acv="681.45"/><CATEGORY desc="CABINETRY" rcv="4256.4" deprec="634.5" acv="3621.9"/><CATEGORY desc="CONCRETE &amp; ASPHALT" rcv="3680.55" acv="3680.55"/></OP_ITEMS><SALES_TAXES><SALES_TAX desc="Material Sales Tax" rcv="424.46" acv="424.46"/></SALES_TAXES></RECAP_BY_CATEGORY></GENERIC_ROUGHDRAFT>