<?xml version='1.0' encoding='UTF-8' ?>
  <XACTDOC>
    <XACTNET_INFO
      assignmentType = "1"
      transactionId = "007BG8N"
      carrierId = "1860800"
      senderId = "1200000"
      recipientsXNAddress = "ACSC.TEST.STAFF"
      recipientsXM8UserId = "TORRES.P"
      sendersXNAddress = "ACSC-NON-IRP.HOME.WEB"
      carrierAttribute2 = "ClaimsPortalACSC"
      carrierOffice1 = "Texas"
      carrierOffice2 = "Texas"
      carrierOffice3 = "Harris"
      sendersOfficeDescription1 = "Texas"
      sendersOfficeDescription2 = "Texas"
      sendersOfficeDescription3 = "Harris"
      recipientsId = "FIELD_Q"
      rotationTrade = "General"
      jobSizeCode = "2"
      emergency = "0"
      transactionType = "EST,ASG"
      estimateCount = "1"
      carrierName = "ACE - Staff"
      mitigation = "0"
      profileCode = "76"
    >
      <CONTROL_POINTS
        testAssignment = "0"
      />
      <ATTACHMENTS>
        <ATT_FILE
          fileName = "GENERIC_ROUGHDRAFT.XML"
          fileDesc = "Rough Draft XML"
          fileDate = "2020-10-01T14:43:44"
          fileType = "XML"
        />
        <ATT_FILE
          fileName = "VARIATION_REPORT.PDF"
          fileDesc = "VARIATION REPORT"
          fileDate = "2020-10-01T14:43:44"
          fileType = "PDF"
        />
        <ATT_FILE
          fileName = "FINAL_DRAFT_BY_COVERAGE_TYPE_Report.PDF"
          fileDesc = "FINAL DRAFT BY COVERAGE TYPE Report"
          fileDate = "2020-10-01T14:43:44"
          fileType = "PDF"
        />
        <ATT_FILE
          fileName = "Report_Rough_Draft.PDF"
          fileDesc = "Report Rough Draft"
          fileDate = "2020-10-01T14:43:44"
          fileType = "PDF"
        />
        <ATT_FILE
          fileName = "Sketch_Summary.PDF"
          fileDesc = "Sketch Summary"
          fileDate = "2020-10-01T14:43:44"
          fileType = "PDF"
        />
        <ATT_FILE
          fileName = "ESTIMATE_AUDIT_REPORT.PDF"
          fileDesc = "ESTIMATE AUDIT REPORT"
          fileDate = "2020-10-01T14:43:44"
          fileType = "PDF"
        />
        <ATT_FILE
          fileName = "FINAL_DRAFT_WITH_AGE_LIFE_AND_CONDITION_Report.PDF"
          fileDesc = "FINAL DRAFT WITH AGE LIFE AND CONDITION Report"
          fileDate = "2020-10-01T14:43:44"
          fileType = "PDF"
        />
        <ATT_FILE
          fileName = "XACTDOC.XML"
          fileDesc = "Stndard Carrier Export XML"
          fileDate = "2020-10-01T14:43:44"
          fileType = "XML"
        />
      </ATTACHMENTS>
      <SUMMARY
        homeOwnerItems = "0.00"
        contractorItems = "9042.86"
        estimateLineItemTotal = "8618.40"
        minimumChargeAdjustments = "0.00"
        overhead = "0.00"
        profit = "0.00"
        salesTax = "424.46"
        grossEstimate = "9042.86"
        recoverableDepreciation = "634.50"
        nonRecoverableDepreciation = "0.00"
        netEstimate = "8408.36"
        priceListLineItemTotal = "8618.40"
        deductible = "0.00"
      />
    </XACTNET_INFO>
    <CONTACTS>
      <CONTACT
        type = "Client"
        name = "DAVILA, EVERARDO &#38; DAVILA, OLGA"
        qcode = ""
        birthDate = ""
        reference = ""
        language = ""
        title = ""
      >
        <ADDRESSES>
          <ADDRESS
            type = "Home"
            street = "11707 MOORCREEK DR"
            city = "HOUSTON"
            state = "TX"
            postal = "77070-2594"
            country = "US"
          />
          <ADDRESS
            type = "Property"
            street = "11707 MOORCREEK DR"
            city = "HOUSTON"
            state = "TX"
            postal = "77070-2594"
            country = "US"
            lat = "29.9836"
            lon = "-95.5947"
          />
        </ADDRESSES>
        <CONTACTMETHODS>
          <EMAIL
            address = ""
          />
        </CONTACTMETHODS>
      </CONTACT>
      <CONTACT
        type = "Estimator"
        name = "Paola Torres"
        qcode = "PAOLA"
        birthDate = ""
        reference = ""
        language = ""
        position = "EP"
        title = ""
      >
        <ADDRESSES/>
        <CONTACTMETHODS>
          <PHONE
            type = "Business"
            number = "714-111-1111"
          />
          <EMAIL
            address = ""
          />
        </CONTACTMETHODS>
      </CONTACT>
      <CONTACT
        type = "ClaimRep"
        name = "Paola Torres"
        qcode = "PAOLA"
        birthDate = ""
        reference = ""
        language = ""
        title = ""
      >
        <ADDRESSES/>
        <CONTACTMETHODS>
          <PHONE
            type = "Business"
            number = "714-111-1111"
          />
          <EMAIL
            address = ""
          />
        </CONTACTMETHODS>
      </CONTACT>
      <CONTACT
        type = "Claimant"
        name = ""
        qcode = ""
        birthDate = ""
        reference = ""
        language = ""
        title = ""
      >
        <ADDRESSES/>
        <CONTACTMETHODS>
          <EMAIL
            address = ""
          />
        </CONTACTMETHODS>
      </CONTACT>
    </CONTACTS>
    <PROJECT_INFO
      assignmentCode = "WEB"
      name = "DAVILA__EVERARDO_&#38;_D"
      version = "16"
      profile = "76"
      xactnetAddress = "ACSC-NON-IRP.HOME.WEB"
      created = "2020-10-01T20:40:52Z"
      userId = "TORRES.P"
      status = "Completed"
      showIADeskAdjuster = "1"
      showDeskAdjuster = "1"
    >
      <NOTES><![CDATA[From: ACE - Staff

ASSIGNMENT PROFILE:
Type: Normal
Claim Rep: 
Date of Loss: 01/01/2020
Claim Number: 003098244-8-W
Insured Name: DAVILA, EVERARDO & DAVILA, OLGA
Day Phone: (000) 000-0000
Evening Phone: (000) 000-0000

Type of Loss: Hail
Job Type: General
Location of Property: 11707 MOORCREEK DR, HOUSTON, TX 77070-2594

Instructions:

Years of Membership: 001

2430 Amendatory Endorsement For Water Damage Exclusion
2557 Named Storm Deductible
HO101 Replacement Of Personal Property
HO201 Personal Injury Coverage
Risk Deductible: 2680
Wind/Hail Deductible: 8040
Named Storm Deductible: 8040
Policy Type: HOD
Square Footage: 2520
Year of Construction: 1974

Roof Year 2016
Roof Type Composition Shingles
dfsf


Assignment Received by XactAnalysis:  09/29/2020 11:55AM MT
(XactAnalysis ID: 007BG8N)
]]></NOTES>
    </PROJECT_INFO>
    <ADM
      dateOfLoss = "2020-01-01T00:00:01"
      dateInspected = "2020-10-01T00:00:00"
      dateReceived = "2020-01-28T00:00:01"
      dateEntered = "2020-10-01T18:40:52Z"
      dateProjCompleted = "2020-10-01T18:43:23Z"
      dateContacted = "2020-10-01T00:00:00"
      agentCode = ""
      fileNumber = "003098244-8-W"
      denial = "Covered Loss"
    >
      <COVERAGE_LOSS
        claimNumber = "003098244-8-W"
        policyNumber = "THO015010002"
        catastrophe = ""
        policyStart = "2019-09-16"
        policyEnd = "2020-09-16"
        dateInitCov = "2006-09-16"
      >
        <TOL
          code = "HAIL"
          desc = "Hail"
        />
        <COVERAGES
          lossOfUseReserve = "0"
          lossOfUse = "0"
          doNotApplyLimits = "0"
        >
          <COVERAGE
            covName = "Dwelling"
            id = "COV1"
            covType = "0"
            policyLimit = "268000"
            deductible = "0"
            applyTo = "0"
            coins = "0"
            reserveAmt = "0"
          >
            <LOSS_DATA
              deductApplied = "0"
              overLimits = "0"
            />
          </COVERAGE>
          <COVERAGE
            covName = "Other Structures"
            id = "COV20"
            covType = "0"
            policyLimit = "26800"
            deductible = "0"
            applyTo = "0"
            coins = "0"
            reserveAmt = "0"
          >
            <LOSS_DATA
              deductApplied = "0"
              overLimits = "0"
            />
          </COVERAGE>
          <COVERAGE
            covName = "Personal Property"
            id = "COV30"
            covType = "0"
            policyLimit = "160800"
            deductible = "0"
            applyTo = "0"
            coins = "0"
            reserveAmt = "0"
          >
            <LOSS_DATA
              deductApplied = "0"
              overLimits = "0"
            />
          </COVERAGE>
          <COVERAGE
            covName = "Personal Property Off Premises"
            id = "COV60"
            covType = "0"
            policyLimit = "16080"
            deductible = "0"
            applyTo = "0"
            coins = "0"
            reserveAmt = "0"
          >
            <LOSS_DATA
              deductApplied = "0"
              overLimits = "0"
            />
          </COVERAGE>
          <COVERAGE
            covName = "Loss of Use"
            id = "COV80"
            covType = "0"
            policyLimit = "53600"
            deductible = "0"
            applyTo = "0"
            coins = "0"
            reserveAmt = "0"
          >
            <LOSS_DATA
              deductApplied = "0"
              overLimits = "0"
            />
          </COVERAGE>
        </COVERAGES>
      </COVERAGE_LOSS>
    </ADM>
    <CLAIM_INFO>
      <ADMIN_INFO
        branch = ""
      />
    </CLAIM_INFO>
    <PARAMS
      priceList = "TXHO8X_SEP20"
      taxJurisdiction = "8.25%"
      checkpointPL = "TXHO8X_SEP20"
      overhead = "0"
      profit = "0"
      cumulativeOP = "0"
      plModifiedDateTime = "2020-09-01T01:00:00"
      defaultRepairedBy = "Contractor"
      depMat = "1"
      maxDepr = "100"
    />
    <EMBEDDED_PL>
      <MINIMUMS>
        <MINIMUM
          id = "MIN1"
          desc = "Miscellaneous concrete labor minimum"
          amount = "322.15"
          cat = "CNC"
          sel = "MN-A"
        />
        <MINIMUM
          id = "MIN2"
          desc = "Cabinetry labor minimum"
          amount = "199.21"
          cat = "CAB"
          sel = "MN-A"
        />
      </MINIMUMS>
    </EMBEDDED_PL>
  </XACTDOC>