<?xml version='1.0' encoding='UTF-8' ?><GENERIC_ROUGHDRAFT xmlns="http://xactware.com/generic_roughdraft.xsd" majorVersion="28" minorVersion="0" transactionId="006VT1W"><HEADER dateCreated="2020-05-19T10:52:57"/><COVERSHEET><ESTIMATE_INFO estimateName="SHIPLEY_SR__NHEAN" insuredName="SHIPLEY SR, NHEAN" priceList="VANF8X_MAR20" laborEff="Restoration/Service/Remodel" claimNumber="003100324-8-W" policyNumber="VAH039274016" typeOfLoss="Other" deprMat="1" recipientsXNAddress="ACSC.TEST.PT" rotationTrade="General" carrierId="1860800" estimateType="Structural"/><ADDRESSES><ADDRESS type="Property" street="44 TALLWOOD DR" city="HAMPTON" state="VA" zip="23666-3945" primary="1"/><ADDRESS type="Home" street="44 TALLWOOD DR" city="HAMPTON" state="VA" zip="23666-3945"/></ADDRESSES><PHONES><PHONE type="Home" primary="1" phone="233-243-1462"/><PHONE type="Business" phone="233-675-0603"/></PHONES><CONTACTS><CONTACT type="ClaimRep" name="Paola Torres" title="EP" company="AAA"><PHONES><PHONE primary="1" type="Business" phone="714-111-1111"/></PHONES></CONTACT><CONTACT type="Estimator" name="Paola Torres" title="EP" company="AAA"><PHONES><PHONE primary="1" type="Business" phone="714-111-1111"/></PHONES></CONTACT></CONTACTS><DATES loss="2020-03-08" inspected="2020-05-19" completed="2020-05-19T14:52:52Z" received="2020-03-20" entered="2020-05-19T14:49:39Z" contacted="2020-05-19"/></COVERSHEET><COVERAGES><COVERAGE coverageName="Dwelling" coverageType="0" id="1"><SUMMARY><TOTALS lineItemTotal="9738.6" subtotal="10162.88" rcv="10162.88" recDepr="1075.11" depr="1075.11" acv="9087.77" netClaim="9087.77" actualRecDepr="1075.11" netClaimIfRec="10162.88"><SALES_TAXES><SALES_TAX desc="Material Sales Tax" amount="424.28" taxOP="OPonTax"/></SALES_TAXES><SIGNATURE estimator="Paola Torres" estimatorTitle="EP"/></TOTALS></SUMMARY></COVERAGE><COVERAGE coverageName="Locks" coverageType="0" id="15"/><COVERAGE coverageName="Other Structures" coverageType="0" id="20"/><COVERAGE coverageName="Personal Property" coverageType="0" id="30"/><COVERAGE coverageName="Personal Property Off Premises" coverageType="0" id="60"/><COVERAGE coverageName="Loss of Use" coverageType="0" id="80"/><COVERAGE coverageName="Loss Assessment (Applies to VA Tidewater only)" coverageType="0" id="116"/></COVERAGES><RECAP_TAX_OP><TAXES><TAX_DETAIL taxNum="1" rate="6" desc="Material Sales Tax" amount="424.28"/><TAX_DETAIL taxNum="2" rate="6" desc="Manuf. Home Tax"/><TAX_DETAIL taxNum="3" rate="6" desc="Storage Rental Tax"/><TAX_DETAIL taxNum="4" rate="2.5" desc="Food Tax"/></TAXES><LINE_ITEMS><TAXES><TAX_AMOUNT taxNum="1" amount="424.28"/></TAXES></LINE_ITEMS></RECAP_TAX_OP><LINE_ITEM_DETAIL total="9738.6"><GROUP desc="SHIPLEY_SR__NHEAN" total="9738.6" acvTotal="9087.77" rcvTotal="10162.88" tax="424.28"><ITEMS total="9738.6"><ITEM type="I" lineNum="1" cat="CAB" sel="BARGB" act="&amp;" actPrefix="R&amp;R" desc="Bar with granite top - Commercial" calc="12" qty="12" unit="LF" coverageName="Dwelling" remove="7.18" replace="501.82" total="6108" acv="5032.89" deprType="2" recoverable="1" age="11" lifeExp="50" depr="1075.11" tax="293.21" acvTotal="5326.1" deprTotal="1075.11" rcvTotal="6401.21" isPartOfInitSettle="1" laborTotal="1221.12" laborBase="452.52" laborBurden="228" laborMarkup="540.6" laborHours="2.18" material="4886.88" containsBSCDontApply="1"><ITEM_ACTS><ITEM_ACT act="-" labUnit="7.18" acvTotal="7.18" rcvTotal="7.18" trade="DMO"/><ITEM_ACT act="+" labUnit="94.58" matUnit="407.24" tax="24.43" acvTotal="436.66" deprTotal="89.59" rcvTotal="526.25" trade="CARP-FNC"/></ITEM_ACTS></ITEM><ITEM type="I" lineNum="5" cat="CAB" sel="BENCH" act="&amp;" actPrefix="R&amp;R" desc="Decorative wood bench" calc="36" qty="36" unit="LF" coverageName="Dwelling" remove="14.82" replace="86.03" total="3630.6" acv="3630.6" deprType="2" recoverable="1" lifeExp="20" tax="131.07" acvTotal="3761.67" rcvTotal="3761.67" isPartOfInitSettle="1" laborTotal="1446.12" laborBase="545.04" laborBurden="285.48" laborMarkup="615.6" laborHours="28.93" material="2184.48" containsBSCDontApply="1"><ITEM_ACTS><ITEM_ACT act="-" labUnit="14.82" acvTotal="14.82" rcvTotal="14.82" trade="DMO"/><ITEM_ACT act="+" labUnit="25.35" matUnit="60.68" tax="3.64" acvTotal="89.67" rcvTotal="89.67" trade="CARP-FNC"/></ITEM_ACTS></ITEM></ITEMS><AREA_DIM_VARS sfWalls="879.87" sfCeiling="424.76" sfWallsCeiling="1304.62" sfFloor="424.76" syFloor="47.2" lfFloorPerim="109.98" lfCeilingPerim="109.98" sfSkFloor="424.76" sfSkTotalFloor="462.21" sfSkIntWall="879.87" sfSkExtWall="1032.51" lfSkExtWallPerim="114.72"/></GROUP><COV_BREAKDOWN total="9738.6" grandTotal="9087.77"><COV_AMOUNTS desc="Dwelling" total="9738.6" totalPct="100" grandTotal="9087.77" grandTotalPct="100"/><COV_AMOUNTS desc="Locks"/><COV_AMOUNTS desc="Other Structures"/><COV_AMOUNTS desc="Personal Property"/><COV_AMOUNTS desc="Personal Property Off Premises"/><COV_AMOUNTS desc="Loss of Use"/><COV_AMOUNTS desc="Loss Assessment (Applies to VA Tidewater only)"/></COV_BREAKDOWN></LINE_ITEM_DETAIL><RECAP_BY_ROOM total="9738.6"><RECAP_GROUP desc="SHIPLEY_SR__NHEAN" items="9738.6" itemsPercentage="100" subtotal="9738.6" subtotalPercentage="100"><ITEMS_COV_INFO><COV name="Dwelling" rate="100" amount="9738.6"/></ITEMS_COV_INFO><SUBTOTAL_COV_INFO><COV name="Dwelling" rate="100" amount="9738.6"/></SUBTOTAL_COV_INFO></RECAP_GROUP></RECAP_BY_ROOM><RECAP_BY_CATEGORY subtotalRCV="10162.88" subtotalDeprec="1075.11" subtotalACV="9087.77"><OP_ITEMS subtotalRCV="9738.6" subtotalDeprec="1075.11" subtotalACV="8663.49"><CATEGORY desc="GENERAL DEMOLITION" rcv="619.68" acv="619.68"/><CATEGORY desc="CABINETRY" rcv="9118.92" deprec="1075.11" acv="8043.81"/></OP_ITEMS><SALES_TAXES><SALES_TAX desc="Material Sales Tax" rcv="424.28" acv="424.28"/></SALES_TAXES></RECAP_BY_CATEGORY></GENERIC_ROUGHDRAFT>