<?xml version='1.0' encoding='UTF-8' ?><GENERIC_ROUGHDRAFT xmlns="http://xactware.com/generic_roughdraft.xsd" majorVersion="28" minorVersion="0" transactionId="00733WW"><HEADER dateCreated="2020-06-23T08:31:44"/><COVERSHEET><ESTIMATE_INFO estimateName="BAAKZA__THAKURI2" insuredName="BAAKZA, THAKURI" priceList="TXHO8X_JUN20" laborEff="Restoration/Service/Remodel" claimNumber="003112613-8-W" policyNumber="THO109610014" typeOfLoss="Hail" deprMat="1" recipientsXNAddress="ACSC.TEST.PT" rotationTrade="General" carrierId="1860800" estimateType="Structural"/><ADDRESSES><ADDRESS type="Property" street="2139 VINITA ST" city="HOUSTON" state="TX" zip="77034-1324" primary="1"/><ADDRESS type="Home" street="2139 VINITA ST" city="HOUSTON" state="TX" zip="77034-1324"/></ADDRESSES><PHONES><PHONE type="Home" primary="1" phone="266-394-5066"/></PHONES><CONTACTS><CONTACT type="ClaimRep" name="Paola Torres" title="EP" company="AAA"><PHONES><PHONE primary="1" type="Business" phone="714-111-1111"/></PHONES></CONTACT><CONTACT type="Estimator" name="Paola Torres" title="EP" company="AAA"><PHONES><PHONE primary="1" type="Business" phone="714-111-1111"/></PHONES></CONTACT></CONTACTS><DATES loss="2020-06-23" inspected="2020-06-23" completed="2020-06-23T13:31:42Z" received="2020-06-23" entered="2020-06-23T13:29:55Z" contacted="2020-06-23T13:29:00Z"/></COVERSHEET><COVERAGES><COVERAGE coverageName="Dwelling" coverageType="0" id="1"><SUMMARY><TOTALS lineItemTotal="2920.3" subtotal="3114.18" rcv="3114.18" recDepr="329" depr="329" acv="2785.18" netClaim="2785.18" actualRecDepr="329" netClaimIfRec="3114.18"><SALES_TAXES><SALES_TAX desc="Material Sales Tax" amount="193.88" taxOP="OPonTax"/></SALES_TAXES><SIGNATURE estimator="Paola Torres" estimatorTitle="EP"/></TOTALS></SUMMARY></COVERAGE><COVERAGE coverageName="Other Structures" coverageType="0" id="20"/><COVERAGE coverageName="Personal Property" coverageType="0" id="30"/><COVERAGE coverageName="Personal Property Off Premises" coverageType="0" id="60"/><COVERAGE coverageName="Loss of Use" coverageType="0" id="80"/></COVERAGES><RECAP_TAX_OP><TAXES><TAX_DETAIL taxNum="1" rate="8.25" desc="Material Sales Tax" amount="193.88"/><TAX_DETAIL taxNum="2" rate="8.25" desc="Cleaning Mtl Tax"/><TAX_DETAIL taxNum="3" rate="8.25" desc="Cleaning Sales Tax"/><TAX_DETAIL taxNum="4" rate="5" desc="Manuf. Home Tax"/><TAX_DETAIL taxNum="5" rate="8.25" desc="Storage Rental Tax"/><TAX_DETAIL taxNum="6" rate="8.25" desc="Total Tax"/></TAXES><LINE_ITEMS><TAXES><TAX_AMOUNT taxNum="1" amount="193.88"/></TAXES></LINE_ITEMS></RECAP_TAX_OP><LINE_ITEM_DETAIL total="2920.3"><GROUP desc="BAAKZA__THAKURI2" total="2920.3" acvTotal="2785.18" rcvTotal="3114.18" tax="193.88"><ITEMS total="2920.3"><ITEM type="I" lineNum="1" cat="CAB" sel="CLAST" act="&amp;" actPrefix="R&amp;R" desc="Classroom cabinetry - Teacher cabinet - full height" calc="10" qty="10" unit="LF" coverageName="Dwelling" remove="8.68" replace="283.35" total="2920.3" acv="2591.3" deprType="2" recoverable="1" age="7" lifeExp="50" depr="329" tax="193.88" acvTotal="2785.18" deprTotal="329" rcvTotal="3114.18" isPartOfInitSettle="1" laborTotal="570.3" laborBase="169.6" laborBurden="83.3" laborMarkup="317.4" laborHours="1.8" material="2350" containsBSCDontApply="1"><ITEM_ACTS><ITEM_ACT act="-" labUnit="8.68" acvTotal="8.68" rcvTotal="8.68" trade="DMO"/><ITEM_ACT act="+" labUnit="48.35" matUnit="235" tax="19.39" acvTotal="269.84" deprTotal="32.9" rcvTotal="302.74" trade="CARP-FNC"/></ITEM_ACTS></ITEM></ITEMS></GROUP><COV_BREAKDOWN total="2920.3" grandTotal="2785.18"><COV_AMOUNTS desc="Dwelling" total="2920.3" totalPct="100" grandTotal="2785.18" grandTotalPct="100"/><COV_AMOUNTS desc="Other Structures"/><COV_AMOUNTS desc="Personal Property"/><COV_AMOUNTS desc="Personal Property Off Premises"/><COV_AMOUNTS desc="Loss of Use"/></COV_BREAKDOWN></LINE_ITEM_DETAIL><RECAP_BY_ROOM total="2920.3"><RECAP_GROUP desc="BAAKZA__THAKURI2" items="2920.3" itemsPercentage="100"><ITEMS_COV_INFO><COV name="Dwelling" rate="100" amount="2920.3"/></ITEMS_COV_INFO></RECAP_GROUP></RECAP_BY_ROOM><RECAP_BY_CATEGORY subtotalRCV="3114.18" subtotalDeprec="329" subtotalACV="2785.18"><OP_ITEMS subtotalRCV="2920.3" subtotalDeprec="329" subtotalACV="2591.3"><CATEGORY desc="GENERAL DEMOLITION" rcv="86.8" acv="86.8"/><CATEGORY desc="CABINETRY" rcv="2833.5" deprec="329" acv="2504.5"/></OP_ITEMS><SALES_TAXES><SALES_TAX desc="Material Sales Tax" rcv="193.88" acv="193.88"/></SALES_TAXES></RECAP_BY_CATEGORY></GENERIC_ROUGHDRAFT>