<?xml version='1.0' encoding='UTF-8' ?>
  <XACTDOC>
    <XACTNET_INFO
      assignmentType = "1"
      transactionId = "00733WW"
      carrierId = "1860800"
      senderId = "1200000"
      createdByReassignment = "1"
      sourceTransactionId = "00733WV"
      recipientsXNAddress = "ACSC.TEST.PT"
      recipientsXM8UserId = "TORRES.P"
      sendersXNAddress = "ACSC.HOME.WEB"
      carrierAttribute2 = "ClaimsPortalACSC"
      carrierOffice1 = "Texas"
      carrierOffice2 = "Texas"
      carrierOffice3 = "Harris"
      sendersOfficeDescription1 = "Texas"
      sendersOfficeDescription2 = "Texas"
      sendersOfficeDescription3 = "Harris"
      recipientsId = "E648727"
      creatorsUserNumber = "34296B3572"
      rotationTrade = "General"
      jobSizeCode = "2"
      emergency = "0"
      transactionType = "EST,ASG"
      estimateCount = "1"
      carrierName = "ACE - Staff"
      mitigation = "0"
      profileCode = "76"
      creatorsFirstName = "Paola"
      creatorsLastName = "Torres"
      creatorsEmailAddress = "Torres.Paola@aaa-calif.com"
    >
      <CONTROL_POINTS
        testAssignment = "0"
      />
      <ATTACHMENTS>
        <ATT_FILE
          fileName = "GENERIC_ROUGHDRAFT.XML"
          fileDesc = "Rough Draft XML"
          fileDate = "2020-06-23T09:32:05"
          fileType = "XML"
        />
        <ATT_FILE
          fileName = "FINAL_DRAFT_WITH_AGE_LIFE_AND_CONDITION_Report.PDF"
          fileDesc = "FINAL DRAFT WITH AGE LIFE AND CONDITION Report"
          fileDate = "2020-06-23T09:32:05"
          fileType = "PDF"
        />
        <ATT_FILE
          fileName = "FINAL_DRAFT_BY_COVERAGE_TYPE_Report.PDF"
          fileDesc = "FINAL DRAFT BY COVERAGE TYPE Report"
          fileDate = "2020-06-23T09:32:05"
          fileType = "PDF"
        />
        <ATT_FILE
          fileName = "VARIATION_REPORT.PDF"
          fileDesc = "VARIATION REPORT"
          fileDate = "2020-06-23T09:32:05"
          fileType = "PDF"
        />
        <ATT_FILE
          fileName = "ESTIMATE_AUDIT_REPORT.PDF"
          fileDesc = "ESTIMATE AUDIT REPORT"
          fileDate = "2020-06-23T09:32:05"
          fileType = "PDF"
        />
        <ATT_FILE
          fileName = "Report_Rough_Draft.PDF"
          fileDesc = "Report Rough Draft"
          fileDate = "2020-06-23T09:32:05"
          fileType = "PDF"
        />
        <ATT_FILE
          fileName = "XACTDOC.XML"
          fileDesc = "Stndard Carrier Export XML"
          fileDate = "2020-06-23T09:32:05"
          fileType = "XML"
        />
      </ATTACHMENTS>
      <SUMMARY
        homeOwnerItems = "0.00"
        contractorItems = "3114.18"
        estimateLineItemTotal = "2920.30"
        minimumChargeAdjustments = "0.00"
        overhead = "0.00"
        profit = "0.00"
        salesTax = "193.88"
        grossEstimate = "3114.18"
        recoverableDepreciation = "329.00"
        nonRecoverableDepreciation = "0.00"
        netEstimate = "2785.18"
        priceListLineItemTotal = "2920.30"
        deductible = "0.00"
      />
    </XACTNET_INFO>
    <CONTACTS>
      <CONTACT
        type = "Client"
        name = "BAAKZA, THAKURI"
        qcode = ""
        birthDate = ""
        reference = ""
        language = ""
        title = ""
      >
        <ADDRESSES>
          <ADDRESS
            type = "Home"
            street = "2139 VINITA ST"
            city = "HOUSTON"
            state = "TX"
            postal = "77034-1324"
            country = "US"
          />
          <ADDRESS
            type = "Property"
            street = "2139 VINITA ST"
            city = "HOUSTON"
            state = "TX"
            postal = "77034-1324"
            country = "US"
            lat = "29.6507"
            lon = "-95.2282"
          />
        </ADDRESSES>
        <CONTACTMETHODS>
          <PHONE
            type = "Home"
            number = "266-394-5066"
          />
          <EMAIL
            address = ""
          />
        </CONTACTMETHODS>
      </CONTACT>
      <CONTACT
        type = "Estimator"
        name = "Paola Torres"
        qcode = "PAOLA"
        birthDate = ""
        reference = ""
        language = ""
        position = "EP"
        title = ""
      >
        <ADDRESSES/>
        <CONTACTMETHODS>
          <PHONE
            type = "Business"
            number = "714-111-1111"
          />
          <EMAIL
            address = ""
          />
        </CONTACTMETHODS>
      </CONTACT>
      <CONTACT
        type = "ClaimRep"
        name = "Paola Torres"
        qcode = "PAOLA"
        birthDate = ""
        reference = ""
        language = ""
        title = ""
      >
        <ADDRESSES/>
        <CONTACTMETHODS>
          <PHONE
            type = "Business"
            number = "714-111-1111"
          />
          <EMAIL
            address = ""
          />
        </CONTACTMETHODS>
      </CONTACT>
      <CONTACT
        type = "Claimant"
        name = ""
        qcode = ""
        birthDate = ""
        reference = ""
        language = ""
        title = ""
      >
        <ADDRESSES/>
        <CONTACTMETHODS>
          <EMAIL
            address = ""
          />
        </CONTACTMETHODS>
      </CONTACT>
    </CONTACTS>
    <PROJECT_INFO
      assignmentCode = "003112613-8-"
      name = "BAAKZA__THAKURI2"
      version = "16"
      profile = "76"
      xactnetAddress = "ACSC.HOME.WEB"
      created = "2020-06-23T15:29:55Z"
      userId = "TORRES.P"
      status = "Completed"
      showIADeskAdjuster = "1"
      showDeskAdjuster = "1"
    >
      <NOTES><![CDATA[From: ACE - Staff

ASSIGNMENT PROFILE:
Type: Normal
Claim Rep: 
Date of Loss: 06/23/2020
Claim Number: 003112613-8-W
Insured Name: BAAKZA, THAKURI
Day Phone: (000) 000-0000
Evening Phone: (266) 394-5066

Type of Loss: Hail
Job Type: General
Location of Property: 2139 VINITA ST, HOUSTON, TX 77034-1324

Instructions:

Years of Membership: 002

2429 Amendatory Endorsement For Water Damage Exclusion
HO101 Replacement Of Personal Property
2557 Named Storm Deductible
Risk Deductible: 2140
Wind/Hail Deductible: 2140
Named Storm Deductible: 6420
Policy Type: HOB
Square Footage: 1603
Year of Construction: 1955

Roof Year 2015
Roof Type Composition Shingles
123


Assignment Received by XactAnalysis:  06/23/2020 08:25AM MT
(XactAnalysis ID: 00733WW)
]]></NOTES>
    </PROJECT_INFO>
    <ADM
      dateOfLoss = "2020-06-23T00:00:01"
      dateInspected = "2020-06-23T08:26:53"
      dateReceived = "2020-06-23T00:00:01"
      dateEntered = "2020-06-23T13:29:55Z"
      dateProjCompleted = "2020-06-23T13:31:42Z"
      dateContacted = "2020-06-23T08:26:24"
      agentCode = ""
      fileNumber = "003112613-8-W"
      denial = "Covered Loss"
    >
      <COVERAGE_LOSS
        claimNumber = "003112613-8-W"
        policyNumber = "THO109610014"
        catastrophe = ""
        policyStart = "2019-11-01"
        policyEnd = "2020-11-01"
        dateInitCov = "2019-11-01"
      >
        <TOL
          code = "HAIL"
          desc = "Hail"
        />
        <COVERAGES
          lossOfUseReserve = "0"
          lossOfUse = "0"
          doNotApplyLimits = "0"
        >
          <COVERAGE
            covName = "Dwelling"
            id = "COV1"
            covType = "0"
            policyLimit = "214000"
            deductible = "0"
            applyTo = "0"
            coins = "0"
            reserveAmt = "0"
          >
            <LOSS_DATA
              deductApplied = "0"
              overLimits = "0"
            />
          </COVERAGE>
          <COVERAGE
            covName = "Other Structures"
            id = "COV20"
            covType = "0"
            policyLimit = "21400"
            deductible = "0"
            applyTo = "0"
            coins = "0"
            reserveAmt = "0"
          >
            <LOSS_DATA
              deductApplied = "0"
              overLimits = "0"
            />
          </COVERAGE>
          <COVERAGE
            covName = "Personal Property"
            id = "COV30"
            covType = "0"
            policyLimit = "128400"
            deductible = "0"
            applyTo = "0"
            coins = "0"
            reserveAmt = "0"
          >
            <LOSS_DATA
              deductApplied = "0"
              overLimits = "0"
            />
          </COVERAGE>
          <COVERAGE
            covName = "Personal Property Off Premises"
            id = "COV60"
            covType = "0"
            policyLimit = "12840"
            deductible = "0"
            applyTo = "0"
            coins = "0"
            reserveAmt = "0"
          >
            <LOSS_DATA
              deductApplied = "0"
              overLimits = "0"
            />
          </COVERAGE>
          <COVERAGE
            covName = "Loss of Use"
            id = "COV80"
            covType = "0"
            policyLimit = "42800"
            deductible = "0"
            applyTo = "0"
            coins = "0"
            reserveAmt = "0"
          >
            <LOSS_DATA
              deductApplied = "0"
              overLimits = "0"
            />
          </COVERAGE>
        </COVERAGES>
      </COVERAGE_LOSS>
    </ADM>
    <CLAIM_INFO>
      <ADMIN_INFO
        branch = "Harris"
      />
    </CLAIM_INFO>
    <PARAMS
      priceList = "TXHO8X_JUN20"
      taxJurisdiction = "8.25%"
      checkpointPL = "TXHO8X_JUN20"
      overhead = "0"
      profit = "0"
      cumulativeOP = "0"
      plModifiedDateTime = "2020-06-01T01:00:00"
      defaultRepairedBy = "Contractor"
      depMat = "1"
      maxDepr = "100"
    />
    <EMBEDDED_PL>
      <MINIMUMS>
        <MINIMUM
          id = "MIN1"
          desc = "Cabinetry labor minimum"
          amount = "197.48"
          cat = "CAB"
          sel = "MN-A"
        />
      </MINIMUMS>
    </EMBEDDED_PL>
  </XACTDOC>